drug,perturbation,scenario,concentration_nM,n_valid,control_hz_mean,control_hz_sd,drug_hz_mean,drug_hz_sd,suppression_percent,suppression_sd_percent
perampanel,Reference,baseline,12.701852052482096,20,10.965,0.9056983348136456,3.81,3.7386882022554664,64.85881878293766,34.12356711422562
perampanel,AMPA EPSP -10%,EPSPd_-10%,12.701852052482096,0,0.0,0.0,0.0,0.0,nan,nan
perampanel,AMPA EPSP +10%,EPSPd_+10%,12.701852052482096,20,13.02,0.23078812338319513,12.465,0.1954078056944393,4.235929958601835,2.1763309613327877
perampanel,GABA-A IPSP magnitude -10%,IPSP_mag_-10%,12.701852052482096,20,11.01,0.8849026113527677,6.39,2.6528832378535263,41.80902505025025,23.667237138438445
perampanel,GABA-A IPSP magnitude +10%,IPSP_mag_+10%,12.701852052482096,20,10.925,0.9329494824705705,3.555,3.8196824061969505,68.26353437676799,34.03645142814235
perampanel,NMDA PSP scale -20%,NMDA_scale_-20%,12.701852052482096,20,10.955,0.9293319615384172,3.795,3.7257955702881698,64.93981052770788,34.07636344148056
perampanel,NMDA PSP scale +20%,NMDA_scale_+20%,12.701852052482096,20,10.985,0.868922502752388,3.88,3.7930129670778947,64.27754194936036,34.66992119846958
perampanel,NMDA activation threshold -2 mV,CaMT_-2mV,12.701852052482096,20,12.709999999999999,0.12937094768634586,10.35,2.547134613019521,18.516626497269232,20.25404162354383
perampanel,NMDA activation threshold +2 mV,CaMT_+2mV,12.701852052482096,20,3.325,0.9250177807679386,0.36,0.5364601324275743,87.36229007640189,20.082418817549943
perampanel,Spike threshold -2 mV,Threshold_-2mV,12.701852052482096,20,11.765,0.6046094868416699,9.15,1.5746344605052078,22.306254264212964,12.203177781549856
perampanel,Spike threshold +2 mV,Threshold_+2mV,12.701852052482096,6,2.51,4.418728085630167,0.0,0.0,100.0,0.0
memantine,Reference,baseline,175.4713842206804,20,10.965,0.9056983348136456,5.3,1.0239243393100776,51.82297399543512,7.37134940634553
memantine,AMPA EPSP -10%,EPSPd_-10%,175.4713842206804,0,0.0,0.0,0.0,0.0,nan,nan
memantine,AMPA EPSP +10%,EPSPd_+10%,175.4713842206804,20,13.02,0.23078812338319513,12.47,0.2178845662513211,4.210133987915855,1.6554432870490126
memantine,GABA-A IPSP magnitude -10%,IPSP_mag_-10%,175.4713842206804,20,11.01,0.8849026113527677,5.335,1.015809244421723,51.708516630969235,7.265257131599275
memantine,GABA-A IPSP magnitude +10%,IPSP_mag_+10%,175.4713842206804,20,10.925,0.9329494824705705,5.245,0.9891383810378128,52.13104473590975,7.057326191615178
memantine,NMDA PSP scale -20%,NMDA_scale_-20%,175.4713842206804,20,10.955,0.9293319615384172,5.145,1.2626100785778307,53.31318977009012,9.425869520891487
memantine,NMDA PSP scale +20%,NMDA_scale_+20%,175.4713842206804,20,10.985,0.868922502752388,5.355,0.958329138053365,51.34058121381173,7.06432326349527
memantine,NMDA activation threshold -2 mV,CaMT_-2mV,175.4713842206804,20,12.709999999999999,0.12937094768634586,11.945,0.18488972531299783,6.014659147802743,1.4322214288389543
memantine,NMDA activation threshold +2 mV,CaMT_+2mV,175.4713842206804,20,3.325,0.9250177807679386,0.405,0.10500626547722608,86.7255535178804,5.720038010916135
memantine,Spike threshold -2 mV,Threshold_-2mV,175.4713842206804,20,11.765,0.6046094868416699,7.89,1.3293845034055183,33.144209368198666,9.440783532937393
memantine,Spike threshold +2 mV,Threshold_+2mV,175.4713842206804,6,2.51,4.418728085630167,0.85,1.5302218621390888,71.57985915648422,14.597308793066885
diazepam,Reference,baseline,8.120588058650803,20,10.965,0.9056983348136456,5.1850000000000005,4.865590784705443,52.08727767111814,44.57240244642105
diazepam,AMPA EPSP -10%,EPSPd_-10%,8.120588058650803,0,0.0,0.0,0.0,0.0,nan,nan
diazepam,AMPA EPSP +10%,EPSPd_+10%,8.120588058650803,20,13.02,0.23078812338319513,12.605,0.18488972531299797,3.1740272364962836,1.3427142952893107
diazepam,GABA-A IPSP magnitude -10%,IPSP_mag_-10%,8.120588058650803,20,11.01,0.8849026113527677,9.86,0.7823042886243178,10.371418845024587,2.654800911640681
diazepam,GABA-A IPSP magnitude +10%,IPSP_mag_+10%,8.120588058650803,20,10.925,0.9329494824705705,1.645,3.5088572138758254,85.14501189501189,31.64859727824795
diazepam,NMDA PSP scale -20%,NMDA_scale_-20%,8.120588058650803,20,10.955,0.9293319615384172,5.175,4.872249561493509,52.16105697329043,44.50760114592552
diazepam,NMDA PSP scale +20%,NMDA_scale_+20%,8.120588058650803,20,10.985,0.868922502752388,5.235,4.9085612641802205,51.733323964175185,44.93557217683831
diazepam,NMDA activation threshold -2 mV,CaMT_-2mV,8.120588058650803,20,12.709999999999999,0.12937094768634586,10.645,1.4766516176810294,16.174053732927277,12.104868251114018
diazepam,NMDA activation threshold +2 mV,CaMT_+2mV,8.120588058650803,20,3.325,0.9250177807679386,1.305,1.3469165566308536,57.560604238324345,40.22853674583496
diazepam,Spike threshold -2 mV,Threshold_-2mV,8.120588058650803,20,11.765,0.6046094868416699,10.895,0.7694666642346638,7.45919430242328,2.8471269073807095
diazepam,Spike threshold +2 mV,Threshold_+2mV,8.120588058650803,6,2.51,4.418728085630167,0.045,0.13945382182304158,82.42753623188406,40.439554806434984
