pathology_state,drug,concentration_nM,healthy_preservation_fraction,pathological_suppression_fraction,PAN_mean,selectivity_difference,eligible_healthy_ge_0.80
input_hyperexcitable,perampanel,0.0,1.0,0.0,0.0,0.0,True
input_hyperexcitable,perampanel,6.0,0.8689529448572741,0.06074519180149636,0.11017305612654,-0.07030186334122937,True
input_hyperexcitable,perampanel,8.0,0.8260876016103493,0.0764437637681261,0.13826131622798582,-0.09746863462152447,True
input_hyperexcitable,perampanel,10.0,0.7320065175755582,0.08667140119371879,0.1568831111873577,-0.18132208123072302,False
input_hyperexcitable,perampanel,12.0,0.4598488696765535,0.10662448570049343,0.19324059497288665,-0.43352664462295304,False
input_hyperexcitable,perampanel,14.0,0.32698612933579363,0.12391612816204886,0.2237856874096321,-0.5490977425021575,False
input_hyperexcitable,perampanel,16.0,0.19762804365015077,0.14411955250145547,0.25937359557324524,-0.6582524038483937,False
input_hyperexcitable,perampanel,18.0,0.1115841338939165,0.15214891958804444,0.27428504109296964,-0.736266946518039,False
input_hyperexcitable,perampanel,22.0,0.0,0.175896307263479,0.31742036586072253,-0.824103692736521,False
input_hyperexcitable,memantine,0.0,1.0,0.0,0.0,0.0,True
input_hyperexcitable,memantine,50.0,0.9278635782387251,0.025394381606006943,0.04539555558951054,-0.04674204015526791,True
input_hyperexcitable,memantine,100.0,0.7939434125560956,0.051823387505859395,0.09330219386595982,-0.15423319993804488,False
input_hyperexcitable,memantine,125.0,0.6961551534213958,0.059117827290444944,0.10662274833544565,-0.24472701928815935,False
input_hyperexcitable,memantine,150.0,0.5863079301700459,0.06496453318668924,0.11740505786098454,-0.34872753664326483,False
input_hyperexcitable,memantine,175.0,0.4867669808195461,0.07126610055787791,0.12885978223257438,-0.4419669186225759,False
input_hyperexcitable,memantine,200.0,0.38521888778800195,0.07589615800466346,0.1371325688019896,-0.5388849542073346,False
input_hyperexcitable,memantine,250.0,0.25846141308161086,0.08919505619889569,0.16147509907542804,-0.6523435307194935,False
input_hyperexcitable,memantine,350.0,0.08946041615148226,0.14242611507558686,0.25755747051000744,-0.7681134687729309,False
input_hyperexcitable,memantine,500.0,0.04582136298087436,0.29922315952548384,0.5415823834001283,-0.6549554774936417,False
input_hyperexcitable,diazepam,0.0,1.0,0.0,0.0,0.0,True
input_hyperexcitable,diazepam,2.5,0.9711969573393768,0.007618511603092265,0.013720150061539049,-0.021184531057530834,True
input_hyperexcitable,diazepam,5.0,0.9234747348073553,0.014497206635599336,0.02602573448873302,-0.062028058557045296,True
input_hyperexcitable,diazepam,7.5,0.6558447573730272,0.01945783157410931,0.03503013600987871,-0.32469741105286354,False
input_hyperexcitable,diazepam,10.0,0.14703288239985488,0.02020670592583416,0.036387152974310985,-0.832760411674311,False
input_hyperexcitable,diazepam,12.5,0.10287220997656776,0.021427989670546325,0.03852439226861291,-0.8756998003528859,False
input_hyperexcitable,diazepam,15.0,0.01863914373088685,0.02303511956198689,0.04142233771670796,-0.9583257367071262,False
input_hyperexcitable,diazepam,20.0,0.017262996941896022,0.030715138074487603,0.05548709659820032,-0.9520218649836163,False
input_hyperexcitable,diazepam,30.0,0.016345565749235475,0.041126082934324425,0.07403826692553885,-0.94252835131644,False
input_hyperexcitable,diazepam,60.0,0.012259174311926604,0.06693737913828501,0.12103383795008524,-0.9208034465497883,False
nmda_excitotoxic,perampanel,0.0,1.0,0.0,0.0,0.0,True
nmda_excitotoxic,perampanel,6.0,0.8689529448572741,0.09488076897104478,0.17045674057648633,-0.03616628617168095,True
nmda_excitotoxic,perampanel,8.0,0.8260876016103493,0.1134507151409383,0.2045325559325175,-0.060461683248712275,True
nmda_excitotoxic,perampanel,10.0,0.7320065175755582,0.12671919602705264,0.21523060275271555,-0.14127428639738915,False
nmda_excitotoxic,perampanel,12.0,0.4598488696765535,0.3309394413572612,0.4081004762741859,-0.2092116889661853,False
nmda_excitotoxic,perampanel,14.0,0.32698612933579363,0.4237552942713485,0.44798912712274497,-0.24925857639285787,False
nmda_excitotoxic,perampanel,16.0,0.19762804365015077,0.5431372547302147,0.5159608316652473,-0.2592347016196346,False
nmda_excitotoxic,perampanel,18.0,0.1115841338939165,0.6677226929925696,0.47137493326691027,-0.22069317311351394,False
nmda_excitotoxic,perampanel,22.0,0.0,0.8287184395931583,0.33669187917149374,-0.17128156040684184,False
nmda_excitotoxic,memantine,0.0,1.0,0.0,0.0,0.0,True
nmda_excitotoxic,memantine,50.0,0.9278635782387251,0.06891339928927841,0.11983544333409768,-0.0032230224719964353,True
nmda_excitotoxic,memantine,100.0,0.7939434125560956,0.09906397025829851,0.17190816815335674,-0.10699261718560575,False
nmda_excitotoxic,memantine,125.0,0.6961551534213958,0.11252685538565724,0.19583270493957808,-0.19131799119294707,False
nmda_excitotoxic,memantine,150.0,0.5863079301700459,0.13764451955258725,0.24964487017814102,-0.27604755027736677,False
nmda_excitotoxic,memantine,175.0,0.4867669808195461,0.15392316494204636,0.2769097034570942,-0.35930985423840744,False
nmda_excitotoxic,memantine,200.0,0.38521888778800195,0.1618399295195441,0.29119357601031826,-0.4529411826924539,False
nmda_excitotoxic,memantine,250.0,0.25846141308161086,0.18628553555682173,0.33620468145657506,-0.5552530513615674,False
nmda_excitotoxic,memantine,350.0,0.08946041615148226,0.23657973909566818,0.4398410791645796,-0.6739598447528495,False
nmda_excitotoxic,memantine,500.0,0.04582136298087436,0.2707745405485251,0.5104842162009543,-0.6834040964706005,False
nmda_excitotoxic,diazepam,0.0,1.0,0.0,0.0,0.0,True
nmda_excitotoxic,diazepam,2.5,0.9711969573393768,0.00019455073885708596,-0.0027137021377125993,-0.02860849192176601,True
nmda_excitotoxic,diazepam,5.0,0.9234747348073553,0.005511231269692995,0.007829724459682212,-0.07101403392295165,True
nmda_excitotoxic,diazepam,7.5,0.6558447573730272,0.1773220999741841,0.18628113000797414,-0.16683314265278876,False
nmda_excitotoxic,diazepam,10.0,0.14703288239985488,0.5261311421451896,0.5615553126060344,-0.3268359754549555,False
nmda_excitotoxic,diazepam,12.5,0.10287220997656776,0.5753610603423673,0.5836405498996051,-0.32176672968106496,False
nmda_excitotoxic,diazepam,15.0,0.01863914373088685,0.6390302925027506,0.6408104553019301,-0.3423305637663626,False
nmda_excitotoxic,diazepam,20.0,0.017262996941896022,0.641369008508881,0.6389202902120601,-0.34136799454922306,False
nmda_excitotoxic,diazepam,30.0,0.016345565749235475,0.6980495281421096,0.5328763947376534,-0.2856049061086549,False
nmda_excitotoxic,diazepam,60.0,0.012259174311926604,0.7254010615243828,0.47866095686826043,-0.2623397641636907,False
