drug,state,n_replicates,bootstrap_n,max_observed_suppression,bottom,Emax_4PL,functional_EC50_nM,extrapolated_4PL_EC50_nM,Hill,R2,EC50_bootstrap_median_nM,EC50_CI2.5_nM,EC50_CI97.5_nM,EC50_estimable_within_tested_range
perampanel,healthy,20,500,1.0,0.03238647294755404,1.0999544589643577,12.701852052482097,12.701852052482097,4.119108705656974,0.9924139439966646,12.657689614173108,11.37450814524234,13.98872328323926,True
perampanel,input_hyperexcitable,20,500,0.175896307263479,0.0002621563277683182,0.6693492802180853,nan,58.92593258506057,1.033805056108593,0.9963869644637974,nan,nan,nan,False
perampanel,nmda_excitotoxic,20,500,0.8287184395931583,0.025573240451529786,1.0848613303098895,16.073772299711422,16.073772299711422,3.661782497198522,0.9893851336032184,15.80028930306576,12.721972908951615,17.827435927482888,True
memantine,healthy,20,500,0.9541786370191258,0.017917349207684216,1.0266455560414856,175.4713842206804,175.4713842206804,2.6772347223821393,0.9984568505880285,175.4951057218442,168.9408780820538,181.56102487875984,True
memantine,input_hyperexcitable,20,500,0.29922315952548384,0.028875949096476377,1.0999999999999999,nan,835.1735717456205,2.219493192366118,0.9644223432813732,nan,nan,nan,False
memantine,nmda_excitotoxic,20,500,0.2707745405485251,0.00111640390482023,0.6561597999012158,nan,740.334719434298,0.8456171767418343,0.9958904730512309,nan,nan,nan,False
diazepam,healthy,20,500,0.9877408256880734,0.027049038065129562,0.9776171524369012,8.120588058650803,8.120588058650803,8.053181663117714,0.9969376974637546,8.102917896828018,7.358710027812202,8.84528443996077,True
diazepam,input_hyperexcitable,20,500,0.06693737913828503,0.0011932315010157626,1.0999919257357018,nan,2694.130389729945,0.7273241662724997,0.9912286001127368,nan,nan,nan,False
diazepam,nmda_excitotoxic,20,500,0.7254010615243828,2.1467702488428e-25,0.6758926011509467,8.633669483815133,8.633669483815133,6.600499576849766,0.9907411407428343,8.604828721402018,7.858120688869092,9.738855282717648,True
