drug,state,suppression_target,max_observed_suppression,concentration_median_nM,CI2.5_nM,CI97.5_nM,n_boot,estimable_within_tested_range
perampanel,healthy,0.25,1.0,9.271354881309406,8.53361704960529,10.1304199664729,500,True
perampanel,healthy,0.5,1.0,11.986273671964499,11.095139111312573,13.153826178310986,500,True
perampanel,healthy,0.75,1.0,15.073895723799748,13.207276136837196,16.79342647842418,500,True
perampanel,input_hyperexcitable,0.25,0.175896307263479,nan,nan,nan,0,False
perampanel,input_hyperexcitable,0.5,0.175896307263479,nan,nan,nan,0,False
perampanel,input_hyperexcitable,0.75,0.175896307263479,nan,nan,nan,0,False
perampanel,nmda_excitotoxic,0.25,0.8287184395931583,11.375127912977135,10.414698993087113,12.821546077234848,500,True
perampanel,nmda_excitotoxic,0.5,0.8287184395931583,15.136164742962155,13.486898808479046,16.700015687326577,500,True
perampanel,nmda_excitotoxic,0.75,0.8287184395931583,19.895100179759766,18.25089828974943,21.782085321629044,498,True
memantine,healthy,0.25,0.9541786370191258,111.91489579284392,99.6150822618525,122.05723277527572,500,True
memantine,healthy,0.5,0.9541786370191258,170.03737268248616,160.79238518583804,177.24448945004846,500,True
memantine,healthy,0.75,0.9541786370191258,252.26810697648045,246.3088188349806,258.11812908766154,500,True
memantine,input_hyperexcitable,0.25,0.29922315952548384,455.60625572966353,448.88266464978983,461.1351650846103,500,True
memantine,input_hyperexcitable,0.5,0.29922315952548384,nan,nan,nan,0,False
memantine,input_hyperexcitable,0.75,0.29922315952548384,nan,nan,nan,0,False
memantine,nmda_excitotoxic,0.25,0.2707745405485251,425.3938144156218,280.4909399760453,613.1525429466527,500,True
memantine,nmda_excitotoxic,0.5,0.2707745405485251,nan,nan,nan,0,False
memantine,nmda_excitotoxic,0.75,0.2707745405485251,nan,nan,nan,0,False
diazepam,healthy,0.25,0.9877408256880734,7.053033312662498,6.193035883444689,7.663652795895363,500,True
diazepam,healthy,0.5,0.9877408256880734,8.103005798894191,7.373217838887206,8.843319921599225,500,True
diazepam,healthy,0.75,0.9877408256880734,9.29163494273008,8.133783142374044,10.74069820031677,500,True
diazepam,input_hyperexcitable,0.25,0.06693737913828503,nan,nan,nan,0,False
diazepam,input_hyperexcitable,0.5,0.06693737913828503,nan,nan,nan,0,False
diazepam,input_hyperexcitable,0.75,0.06693737913828503,nan,nan,nan,0,False
diazepam,nmda_excitotoxic,0.25,0.7254010615243828,7.9810123936940505,7.1691912406717515,8.854783423953547,500,True
diazepam,nmda_excitotoxic,0.5,0.7254010615243828,10.006198494926728,8.82088670743058,12.214986290736162,499,True
diazepam,nmda_excitotoxic,0.75,0.7254010615243828,nan,nan,nan,0,False
