drug,state,n,k_concentrations,friedman_chi2,df,p,kendall_W,lowest_significant_vs_zero_nM
perampanel,healthy,20,9,150.6816749212067,8,1.413302055578075e-28,0.9417604682575419,6.0
perampanel,input_hyperexcitable,20,9,154.60204081632665,8,2.1476260756250974e-29,0.9662627551020415,6.0
perampanel,nmda_excitotoxic,20,9,143.33362407326652,8,4.8040221189170575e-27,0.8958351504579157,6.0
memantine,healthy,20,10,180.0000000000001,9,5.0667464226636965e-34,1.0000000000000007,50.0
memantine,input_hyperexcitable,20,10,177.77753977968183,9,1.4745524735941967e-33,0.9876529987760102,50.0
memantine,nmda_excitotoxic,20,10,160.37263286499697,9,6.2138772769304306e-30,0.8909590714722054,50.0
diazepam,healthy,20,10,167.77684049079758,9,1.7919011037993093e-31,0.9320935582822087,2.5
diazepam,input_hyperexcitable,20,10,145.79441860465118,9,6.547125648302601e-27,0.8099689922480622,2.5
diazepam,nmda_excitotoxic,20,10,139.67695807604812,9,1.2028620677792188e-25,0.7759831004224895,2.5
