drug,concentration_nM,n,wilcoxon_W,p_raw,p_holm,rank_biserial_r,median_delta_suppression_nmda_minus_input,mean_delta_suppression_nmda_minus_input
perampanel,6.0,20,81.0,0.38837623596191406,1.0,0.22857142857142856,0.00155346821466595,0.0341355771695484
perampanel,8.0,20,87.0,0.5216732025146484,1.0,0.17142857142857143,-0.01022854281773266,0.037006951372812194
perampanel,10.0,20,80.0,0.36827659606933594,1.0,0.23809523809523808,-0.00031790536336490094,0.040047794833333865
perampanel,12.0,20,18.0,0.0004825592041015625,0.00193023681640625,0.8285714285714286,0.14024042769591005,0.2243149556567678
perampanel,14.0,20,14.0,0.000209808349609375,0.001049041748046875,0.8666666666666667,0.3546975208433542,0.2998391661092996
perampanel,16.0,20,7.0,3.62396240234375e-05,0.000217437744140625,0.9333333333333333,0.4471335570592875,0.39901770222875915
perampanel,18.0,20,1.0,3.814697265625e-06,2.6702880859375e-05,0.9904761904761905,0.4970445950565774,0.5155737734045251
perampanel,22.0,20,0.0,1.9073486328125e-06,1.52587890625e-05,1.0,0.6341867190877402,0.6528221323296792
memantine,50.0,20,33.0,0.005580902099609375,0.039066314697265625,0.6857142857142857,0.0395917973779569,0.043519017683271474
memantine,100.0,20,48.0,0.03276824951171875,0.09830474853515625,0.5428571428571428,0.0491116172549962,0.047240582752439086
memantine,125.0,20,48.0,0.03276824951171875,0.09830474853515625,0.5428571428571428,0.06507591958412204,0.05340902809521227
memantine,150.0,20,32.0,0.00485992431640625,0.03887939453125,0.6952380952380952,0.07011002488310825,0.07267998636589801
memantine,175.0,20,36.0,0.00830841064453125,0.039066314697265625,0.6571428571428571,0.0725621477982483,0.08265706438416845
memantine,200.0,20,34.0,0.006389617919921875,0.039066314697265625,0.6761904761904762,0.07693338861701379,0.08594377151488067
memantine,250.0,20,34.0,0.006389617919921875,0.039066314697265625,0.6761904761904762,0.08089714524120015,0.09709047935792604
memantine,350.0,20,31.0,0.0042209625244140625,0.03798866271972656,0.7047619047619048,0.08835081190437029,0.09415362402008129
memantine,500.0,20,73.0,0.24548721313476562,0.24548721313476562,-0.3047619047619048,-0.05372221640671346,-0.02844861897695871
diazepam,2.5,20,76.0,0.44450890263539566,0.8890178052707913,-0.2,-0.0018019105077928003,-0.007423960864235181
diazepam,5.0,20,86.0,0.49800872802734375,0.8890178052707913,-0.18095238095238095,-0.0009580949862116493,-0.00898597536590634
diazepam,7.5,20,53.0,0.05316925048828125,0.15950775146484375,0.49523809523809526,0.0060103258050886,0.15786426840007478
diazepam,10.0,20,4.0,1.33514404296875e-05,5.340576171875e-05,0.9619047619047619,0.6013035333627359,0.5059244362193556
diazepam,12.5,20,3.0,9.5367431640625e-06,4.76837158203125e-05,0.9714285714285714,0.6021312592387287,0.5539330706718208
diazepam,15.0,20,1.0,3.814697265625e-06,3.4332275390625e-05,0.9904761904761905,0.6204432084298639,0.6159951729407636
diazepam,20.0,20,1.0,3.814697265625e-06,3.4332275390625e-05,0.9904761904761905,0.6172915700703221,0.6106538704343933
diazepam,30.0,20,1.0,3.814697265625e-06,3.4332275390625e-05,0.9904761904761905,0.6897003507882169,0.656923445207785
diazepam,60.0,20,1.0,3.814697265625e-06,3.4332275390625e-05,0.9904761904761905,0.6741413726992698,0.6584636823860976
