drug,state,concentration_nM,n,wilcoxon_W,p_raw,p_holm,rank_biserial_r,median_delta_hz,mean_delta_hz
perampanel,healthy,6.0,20,0.0,8.819870204194453e-05,0.0006966268168129256,-1.0,-1.1000000000000005,-1.4300000000000002
perampanel,healthy,8.0,20,0.0,8.807368035275503e-05,0.0006966268168129256,-1.0,-1.5999999999999996,-1.9149999999999998
perampanel,healthy,10.0,20,0.0,8.819870204194453e-05,0.0006966268168129256,-1.0,-2.8499999999999996,-2.9450000000000003
perampanel,healthy,12.0,20,0.0,8.794879347050151e-05,0.0006966268168129256,-1.0,-4.9,-5.945
perampanel,healthy,14.0,20,0.0,8.794879347050151e-05,0.0006966268168129256,-1.0,-6.35,-7.425
perampanel,healthy,16.0,20,0.0,8.794879347050151e-05,0.0006966268168129256,-1.0,-10.75,-8.760000000000002
perampanel,healthy,18.0,20,0.0,8.769942375590214e-05,0.0006966268168129256,-1.0,-10.95,-9.715
perampanel,healthy,22.0,20,0.0,8.70783521016157e-05,0.0006966268168129256,-1.0,-11.1,-10.965
perampanel,input_hyperexcitable,6.0,20,0.0,8.732637791829415e-05,0.0006986110233463532,-1.0,-0.7000000000000028,-1.5200000000000007
perampanel,input_hyperexcitable,8.0,20,0.0,8.832385863081277e-05,0.0006986110233463532,-1.0,-2.0,-1.9100000000000008
perampanel,input_hyperexcitable,10.0,20,0.0,8.832385863081277e-05,0.0006986110233463532,-1.0,-2.5500000000000007,-2.1650000000000005
perampanel,input_hyperexcitable,12.0,20,0.0,8.819870204194453e-05,0.0006986110233463532,-1.0,-2.8500000000000014,-2.6650000000000005
perampanel,input_hyperexcitable,14.0,20,0.0,8.807368035275503e-05,0.0006986110233463532,-1.0,-3.1500000000000004,-3.1050000000000004
perampanel,input_hyperexcitable,16.0,20,0.0,8.844915021211901e-05,0.0006986110233463532,-1.0,-3.4000000000000004,-3.6049999999999995
perampanel,input_hyperexcitable,18.0,20,0.0,8.832385863081277e-05,0.0006986110233463532,-1.0,-3.5,-3.8000000000000007
perampanel,input_hyperexcitable,22.0,20,0.0,8.832385863081277e-05,0.0006986110233463532,-1.0,-4.300000000000001,-4.380000000000001
perampanel,nmda_excitotoxic,6.0,20,0.0,0.00013121408685711018,0.00026459610612583357,-1.0,-1.3499999999999996,-2.5200000000000005
perampanel,nmda_excitotoxic,8.0,20,0.0,8.819870204194453e-05,0.00026459610612583357,-1.0,-1.9000000000000021,-3.000000000000001
perampanel,nmda_excitotoxic,10.0,20,17.0,0.001017794509228971,0.001017794509228971,-0.8380952380952381,-2.5000000000000018,-3.655000000000001
perampanel,nmda_excitotoxic,12.0,20,3.0,9.5367431640625e-06,3.814697265625e-05,-0.9714285714285714,-4.4,-8.105
perampanel,nmda_excitotoxic,14.0,20,0.0,1.9073486328125e-06,1.52587890625e-05,-1.0,-11.25,-10.255
perampanel,nmda_excitotoxic,16.0,20,0.0,1.9073486328125e-06,1.52587890625e-05,-1.0,-14.299999999999999,-13.1
perampanel,nmda_excitotoxic,18.0,20,0.0,1.9073486328125e-06,1.52587890625e-05,-1.0,-16.05,-16.16
perampanel,nmda_excitotoxic,22.0,20,0.0,1.9073486328125e-06,1.52587890625e-05,-1.0,-17.549999999999997,-19.87
memantine,healthy,50.0,20,0.0,8.720229793087962e-05,0.0006809071104613395,-1.0,-0.5499999999999998,-0.765
memantine,healthy,100.0,20,0.0,8.832385863081277e-05,0.0006809071104613395,-1.0,-2.4000000000000004,-2.21
memantine,healthy,125.0,20,0.0,8.819870204194453e-05,0.0006809071104613395,-1.0,-3.3499999999999996,-3.2950000000000004
memantine,healthy,150.0,20,0.0,1.9073486328125e-06,1.71661376953125e-05,-1.0,-4.55,-4.5200000000000005
memantine,healthy,175.0,20,0.0,8.844915021211901e-05,0.0006809071104613395,-1.0,-5.5,-5.610000000000001
memantine,healthy,200.0,20,0.0,8.832385863081277e-05,0.0006809071104613395,-1.0,-6.700000000000001,-6.74
memantine,healthy,250.0,20,0.0,8.720229793087962e-05,0.0006809071104613395,-1.0,-8.45,-8.135000000000002
memantine,healthy,350.0,20,0.0,8.511338880766744e-05,0.0006809071104613395,-1.0,-10.100000000000001,-9.989999999999998
memantine,healthy,500.0,20,0.0,8.658390851382302e-05,0.0006809071104613395,-1.0,-10.6,-10.465
memantine,input_hyperexcitable,50.0,20,0.0,8.658390851382302e-05,0.0007792551766244071,-1.0,-0.5500000000000007,-0.6350000000000007
memantine,input_hyperexcitable,100.0,20,0.0,8.732637791829415e-05,0.0007792551766244071,-1.0,-1.1999999999999993,-1.2850000000000001
memantine,input_hyperexcitable,125.0,20,0.0,8.732637791829415e-05,0.0007792551766244071,-1.0,-1.5,-1.4650000000000005
memantine,input_hyperexcitable,150.0,20,0.0,8.794879347050151e-05,0.0007792551766244071,-1.0,-1.5999999999999996,-1.61
memantine,input_hyperexcitable,175.0,20,0.0,8.683086254706037e-05,0.0007792551766244071,-1.0,-1.9000000000000004,-1.7650000000000006
memantine,input_hyperexcitable,200.0,20,0.0,8.782404130245517e-05,0.0007792551766244071,-1.0,-2.0,-1.8800000000000003
memantine,input_hyperexcitable,250.0,20,0.0,8.70783521016157e-05,0.0007792551766244071,-1.0,-2.3500000000000014,-2.2050000000000005
memantine,input_hyperexcitable,350.0,20,0.0,8.720229793087962e-05,0.0007792551766244071,-1.0,-3.549999999999999,-3.5100000000000002
memantine,input_hyperexcitable,500.0,20,0.0,8.807368035275503e-05,0.0007792551766244071,-1.0,-7.549999999999999,-7.37
memantine,nmda_excitotoxic,50.0,20,16.0,0.0008899536071042575,0.0026698608213127726,-0.8476190476190476,-1.6999999999999993,-1.8250000000000004
memantine,nmda_excitotoxic,100.0,20,20.0,0.001504418280834305,0.0026698608213127726,-0.8095238095238095,-2.6500000000000004,-2.7050000000000005
memantine,nmda_excitotoxic,125.0,20,17.0,0.001015727544592746,0.0026698608213127726,-0.8380952380952381,-2.700000000000001,-3.0500000000000003
memantine,nmda_excitotoxic,150.0,20,5.0,0.00018876804289503734,0.0010548439505228995,-0.9523809523809523,-2.950000000000001,-3.59
memantine,nmda_excitotoxic,175.0,20,4.5,0.00017501898101034415,0.0010548439505228995,-0.9571428571428572,-3.1500000000000004,-4.07
memantine,nmda_excitotoxic,200.0,20,3.5,0.00015069199293184278,0.0010548439505228995,-0.9666666666666667,-3.3000000000000007,-4.275
memantine,nmda_excitotoxic,250.0,20,1.0,0.00015485725743722618,0.0010548439505228995,-0.9894736842105263,-3.6000000000000014,-4.954999999999999
memantine,nmda_excitotoxic,350.0,20,0.0,8.844915021211901e-05,0.0007960423519090711,-1.0,-4.650000000000001,-6.095000000000001
memantine,nmda_excitotoxic,500.0,20,0.0,8.844915021211901e-05,0.0007960423519090711,-1.0,-5.300000000000001,-6.895000000000001
diazepam,healthy,2.5,20,0.0,0.0001289601382984357,0.0007507971171106582,-1.0,-0.3000000000000007,-0.3149999999999999
diazepam,healthy,5.0,20,0.0,8.342190190118424e-05,0.0007507971171106582,-1.0,-0.9000000000000004,-0.845
diazepam,healthy,7.5,20,0.0,8.757494073814436e-05,0.0007507971171106582,-1.0,-1.5,-3.85
diazepam,healthy,10.0,20,0.0,8.745059215649785e-05,0.0007507971171106582,-1.0,-11.0,-9.334999999999999
diazepam,healthy,12.5,20,0.0,8.745059215649785e-05,0.0007507971171106582,-1.0,-11.05,-9.825
diazepam,healthy,15.0,20,0.0,8.70783521016157e-05,0.0007507971171106582,-1.0,-11.1,-10.76
diazepam,healthy,20.0,20,0.0,8.70783521016157e-05,0.0007507971171106582,-1.0,-11.1,-10.774999999999999
diazepam,healthy,30.0,20,0.0,8.70783521016157e-05,0.0007507971171106582,-1.0,-11.1,-10.785
diazepam,healthy,60.0,20,0.0,8.70783521016157e-05,0.0007507971171106582,-1.0,-11.1,-10.83
diazepam,input_hyperexcitable,2.5,20,0.0,0.00018206695167271897,0.0007282678066908759,-1.0,-0.1999999999999993,-0.19000000000000056
diazepam,input_hyperexcitable,5.0,20,0.0,8.023219919057628e-05,0.0007220897927151865,-1.0,-0.3000000000000007,-0.3600000000000005
diazepam,input_hyperexcitable,7.5,20,0.0,8.658390851382302e-05,0.0007220897927151865,-1.0,-0.5,-0.48500000000000065
diazepam,input_hyperexcitable,10.0,20,6.0,0.00021221845612866947,0.0007282678066908759,-0.9428571428571428,-0.5,-0.5050000000000006
diazepam,input_hyperexcitable,12.5,20,5.5,0.00019836549113513586,0.0007282678066908759,-0.9476190476190476,-0.5500000000000007,-0.5350000000000005
diazepam,input_hyperexcitable,15.0,20,2.5,0.00019324461847541877,0.0007282678066908759,-0.9736842105263158,-0.6000000000000014,-0.5750000000000004
diazepam,input_hyperexcitable,20.0,20,1.0,0.00010220102835688598,0.0007220897927151865,-0.9904761904761905,-0.8000000000000007,-0.7600000000000003
diazepam,input_hyperexcitable,30.0,20,0.0,8.69545403378786e-05,0.0007220897927151865,-1.0,-1.0000000000000018,-1.0200000000000005
diazepam,input_hyperexcitable,60.0,20,0.0,8.474874829613897e-05,0.0007220897927151865,-1.0,-1.700000000000001,-1.6500000000000008
diazepam,nmda_excitotoxic,2.5,20,17.0,0.0047348486669802625,0.005375590074235487,-0.7777777777777778,-0.1999999999999993,-0.039999999999999855
diazepam,nmda_excitotoxic,5.0,20,21.5,0.0017918633580784956,0.005375590074235487,-0.7952380952380952,-0.25,-0.1700000000000001
diazepam,nmda_excitotoxic,7.5,20,24.0,0.0024841606327524676,0.005375590074235487,-0.7714285714285715,-0.5,-4.215
diazepam,nmda_excitotoxic,10.0,20,3.0,9.5367431640625e-06,6.67572021484375e-05,-0.9714285714285714,-12.55,-12.670000000000002
diazepam,nmda_excitotoxic,12.5,20,3.0,9.5367431640625e-06,6.67572021484375e-05,-0.9714285714285714,-13.3,-14.489999999999998
diazepam,nmda_excitotoxic,15.0,20,1.0,3.814697265625e-06,3.4332275390625e-05,-0.9904761904761905,-14.45,-15.84
diazepam,nmda_excitotoxic,20.0,20,1.0,3.814697265625e-06,3.4332275390625e-05,-0.9904761904761905,-14.45,-15.889999999999997
diazepam,nmda_excitotoxic,30.0,20,1.0,0.00010305922341480608,0.0005152961170740304,-0.9904761904761905,-16.1,-17.12
diazepam,nmda_excitotoxic,60.0,20,1.0,0.0001032027839634719,0.0005152961170740304,-0.9904761904761905,-16.6,-17.740000000000002
