gabaa_pathology_multiplier,replicate,seed,firing_hz,mean_isi_ms,mean_ampa_psp_mv,mean_nmda_psp_mv,mean_gaba_psp_mv,nmda_open_fraction,mean_plasticity_state
1.0,1,20261200,12.0,82.14285714285714,6.088232145862229,0.24058184329105453,-0.551263035714291,0.08445384615384689,19518.586315428267
0.95,1,20261200,12.0,82.14285714285714,6.08415482045655,0.24056634662883825,-0.5227112053571408,0.08433846153846228,19478.098350390945
0.9,1,20261200,12.0,82.14285714285714,6.08558149107516,0.24056634662883825,-0.49523994642856844,0.08439615384615458,19478.098350390945
0.85,1,20261200,12.0,82.14285714285714,6.082550970389095,0.24056634662883825,-0.4653457053571431,0.08435384615384688,19478.098350390945
0.8,1,20261200,12.0,82.14285714285714,6.077543319438126,0.24069211081441905,-0.4153114285714063,0.08430769230769299,19478.05573988332
0.75,1,20261200,11.6,85.0,6.139119761856159,0.24732192281375137,-0.36973727678571067,0.08488076923077,19735.10622856043
0.7,1,20261200,11.8,85.25213675213675,6.136687749952218,0.24732192281375137,-0.331452000000001,0.08439230769230835,19735.10622856043
0.65,1,20261200,11.8,85.25213675213675,6.134996599367992,0.24732192281375137,-0.3070176339285727,0.0843961538461545,19735.10622856043
0.6,1,20261200,11.8,85.25213675213675,6.13492776218972,0.24732192281375137,-0.2834008928571423,0.0844115384615391,19735.10622856043
0.55,1,20261200,11.8,85.25641025641026,6.133234646165289,0.24732192281375137,-0.2596075624999978,0.08438076923076988,19735.10622856043
0.5,1,20261200,11.8,85.25641025641026,6.131548492405414,0.24732192281375137,-0.2359708928571455,0.08434615384615449,19735.10622856043
0.45,1,20261200,11.8,85.25641025641026,6.13147982179719,0.24732192281375137,-0.21237380357143085,0.0843615384615391,19735.10622856043
0.4,1,20261200,11.8,85.25641025641026,6.131411151188958,0.24732192281375137,-0.18877671428570353,0.0843615384615391,19735.10622856043
0.35,1,20261200,11.8,85.25641025641026,6.131342480580727,0.24732192281375137,-0.1651796250000006,0.08438461538461603,19735.10622856043
0.3,1,20261200,11.8,85.25641025641026,6.104285423531148,0.23544369467623477,-0.1414795714285712,0.08306153846153944,19125.564828965824
0.25,1,20261200,11.8,85.25641025641026,6.10421685389262,0.23544369467623477,-0.11789964285714323,0.0830730769230779,19125.564828965824
0.2,1,20261200,11.8,85.25641025641026,6.1041482842541,0.23544369467623477,-0.09431971428570814,0.08308461538461637,19125.564828965824
0.15,1,20261200,11.8,85.25641025641026,6.104079714615575,0.23544369467623477,-0.07073978571428598,0.08308846153846253,19125.564828965824
0.1,1,20261200,11.8,85.25641025641026,6.102442136251137,0.23544369467623477,-0.04713439285713957,0.0830730769230779,19125.564828965824
0.05,1,20261200,11.8,85.25641025641026,6.102373868670669,0.23544369467623477,-0.023567196428569557,0.08309615384615483,19125.564828965824
-0.0,1,20261200,11.8,85.25641025641026,6.1023056010901975,0.23544369467623477,0.0,0.08311153846153946,19125.564828965824
1.0,2,20261201,10.5,93.9951923076923,6.1348984815036935,0.18075833110814388,-0.553521607142862,0.07480769230769384,14156.157475071755
0.95,2,20261201,10.5,93.9951923076923,6.133187559295721,0.18075833110814388,-0.5239733482142855,0.07479230769230924,14156.157475071755
0.9,2,20261201,10.5,93.9951923076923,6.1315458144977795,0.18075833110814388,-0.49461219642856885,0.07478076923077077,14156.157475071755
0.85,2,20261201,10.5,93.9951923076923,6.13136300461768,0.18075833110814388,-0.46437169642856924,0.07481153846153998,14156.157475071755
0.8,2,20261201,10.5,93.9951923076923,6.1217274350609525,0.18066907910547367,-0.42014299999997795,0.0746692307692323,14057.825247629697
0.75,2,20261201,10.6,93.1,6.101944673379622,0.18370973256007983,-0.37458241071428255,0.07444615384615534,14140.489855665672
0.7,2,20261201,10.7,94.09905660377359,6.12077211413577,0.18370973256007983,-0.33325000000000105,0.07423076923077072,14140.489855665672
0.65,2,20261201,10.7,94.09905660377359,6.118914003226096,0.18369847555073407,-0.30844972321428715,0.07418846153846304,14114.657726843036
0.6,2,20261201,10.7,94.10377358490567,6.114070797624413,0.18369847555073407,-0.2844238928571426,0.07411538461538612,14114.657726843036
0.55,2,20261201,10.8,93.22429906542057,6.093407455415666,0.1836794702102801,-0.2597506607142832,0.07382307692307838,14090.823975362819
0.5,2,20261201,10.8,93.22429906542057,6.0933152623543885,0.1836794702102801,-0.23613696428571726,0.07384615384615528,14090.823975362819
0.45,2,20261201,10.8,93.22429906542057,6.093223069293113,0.1836794702102801,-0.21252326785714534,0.07387692307692448,14090.823975362819
0.4,2,20261201,10.8,93.22429906542057,6.093130876231833,0.1836794702102801,-0.18890957142856038,0.07389230769230909,14090.823975362819
0.35,2,20261201,10.8,93.22429906542057,6.091550616369045,0.1836794702102801,-0.1652474375000007,0.0738846153846168,14090.823975362819
0.3,2,20261201,10.8,93.22429906542057,6.091459369209417,0.1836794702102801,-0.1416406607142857,0.07391153846153987,14090.823975362819
0.25,2,20261201,10.8,93.22429906542057,6.091368122049792,0.1836794702102801,-0.11803388392857214,0.07391923076923218,14090.823975362819
0.2,2,20261201,10.9,92.36111111111111,6.073254130037612,0.1836794702102801,-0.09439942857142221,0.07370384615384751,14090.823975362819
0.15,2,20261201,10.9,92.36111111111111,6.073171809595494,0.1836794702102801,-0.07079957142857174,0.0737115384615398,14090.823975362819
0.1,2,20261201,11.0,91.5137614678899,6.054608104286396,0.1836794702102801,-0.04710837499999656,0.07348461538461666,14090.823975362819
0.05,2,20261201,11.0,91.5137614678899,6.05453909891641,0.1836794702102801,-0.023554187499998065,0.07349615384615513,14090.823975362819
-0.0,2,20261201,11.0,91.5137614678899,6.054470093546434,0.1836794702102801,0.0,0.07350000000000129,14090.823975362819
1.0,3,20261202,10.8,91.35514018691589,5.923747988424474,0.14302415962950576,-0.5527687500000056,0.06640000000000128,11755.033705228916
0.95,3,20261202,10.9,90.50925925925925,5.903662818364679,0.14302415962950576,-0.5232739107142833,0.06614615384615509,11755.033705228916
0.9,3,20261202,10.9,90.50925925925925,5.9033326233688905,0.14005314978304378,-0.4950207321428542,0.06617307692307817,11609.960324373671
0.85,3,20261202,10.9,90.50925925925925,5.900166611633698,0.14005314978304378,-0.4621460624999964,0.06615000000000125,11609.960324373671
0.8,3,20261202,10.9,90.50925925925925,5.893567900750256,0.14302415962950576,-0.4201208571428349,0.06608461538461664,11755.033705228916
0.75,3,20261202,11.0,91.5091743119266,5.908846907888142,0.14306174999999977,-0.36921415178571115,0.06587692307692433,11718.202168292639
0.7,3,20261202,11.0,91.5091743119266,5.907335317421951,0.14306174999999977,-0.33289737500000083,0.06585384615384743,11718.202168292639
0.65,3,20261202,11.1,90.67727272727272,5.8860743544063,0.14306174999999977,-0.3068485178571441,0.06557307692307814,11718.202168292639
0.6,3,20261202,11.1,90.67727272727272,5.886009391709813,0.14306174999999977,-0.28324478571428546,0.06559230769230891,11718.202168292639
0.55,3,20261202,11.1,90.67727272727272,5.882672902104567,0.14306174999999977,-0.2595375357142835,0.06554615384615506,11718.202168292639
0.5,3,20261202,11.1,90.67727272727272,5.880000892334819,0.1433964450100131,-0.23584633928571694,0.06551538461538584,11706.632283180528
0.45,3,20261202,11.1,90.67727272727272,5.87993647685979,0.1433964450100131,-0.21226170535714523,0.06552307692307813,11706.632283180528
0.4,3,20261202,11.1,90.67727272727272,5.879872061384745,0.1433964450100131,-0.18867707142856052,0.06553076923077045,11706.632283180528
0.35,3,20261202,11.1,90.67727272727272,5.879807645909727,0.1433964450100131,-0.16509243750000077,0.06555769230769352,11706.632283180528
0.3,3,20261202,11.1,90.68181818181819,5.878108615050072,0.1433964450100131,-0.141413142857143,0.06553461538461659,11706.632283180528
0.25,3,20261202,11.1,90.68181818181819,5.878044199575037,0.1433964450100131,-0.1178442857142862,0.06554615384615506,11706.632283180528
0.2,3,20261202,11.1,90.68181818181819,5.877979784100008,0.1433964450100131,-0.09427542857142229,0.06555769230769352,11706.632283180528
0.15,3,20261202,11.1,90.68181818181819,5.876369701910438,0.1433964450100131,-0.0706775089285718,0.06553461538461659,11706.632283180528
0.1,3,20261202,11.2,89.86486486486487,5.85920482849512,0.1433964450100131,-0.04677235714285369,0.06500000000000127,11706.632283180528
0.05,3,20261202,11.3,89.0625,5.848610187418217,0.14468621320093433,-0.023380919642855203,0.064869230769232,11866.3199388894
-0.0,3,20261202,11.3,89.0625,5.848546529452251,0.14468621320093433,0.0,0.06487692307692432,11866.3199388894
1.0,4,20261203,11.5,85.75,6.133720618663157,0.24370279430907835,-0.5387135714285759,0.08287692307692356,19795.842338105704
0.95,4,20261203,11.5,85.75,6.1321296336701065,0.24370279430907835,-0.510783955357141,0.08286538461538505,19795.842338105704
0.9,4,20261203,11.5,85.75,6.128636905187976,0.24370279430907835,-0.4820322857142831,0.08281153846153892,19795.842338105704
0.85,4,20261203,11.5,85.75,6.126818278859943,0.24370279430907835,-0.4536340714285703,0.08278461538461583,19795.842338105704
0.8,4,20261203,11.6,85.00434782608696,6.107192825862744,0.24370279430907835,-0.40739757142854816,0.08259230769230802,19795.842338105704
0.75,4,20261203,11.6,85.00434782608696,6.10523435579442,0.24370279430907835,-0.36211044642856816,0.08260384615384649,19795.842338105704
0.7,4,20261203,11.7,85.99137931034483,6.123836056313949,0.24370279430907835,-0.3272050000000008,0.08242692307692337,19795.842338105704
0.65,4,20261203,11.7,85.99137931034483,6.12377658023125,0.24370279430907835,-0.3033294642857156,0.08243461538461566,19795.842338105704
0.6,4,20261203,11.7,85.99137931034483,6.123717104148557,0.24370279430907835,-0.27999642857142787,0.08244230769230798,19795.842338105704
0.55,4,20261203,11.7,85.99137931034483,6.123657628065863,0.24370279430907835,-0.25666339285714057,0.08245384615384643,19795.842338105704
0.5,4,20261203,11.7,85.99137931034483,6.123598151983169,0.24370279430907835,-0.2333303571428593,0.08247307692307719,19795.842338105704
0.45,4,20261203,11.7,85.99137931034483,6.1218778301063805,0.24370279430907835,-0.20999483035714556,0.08246538461538488,19795.842338105704
0.4,4,20261203,11.7,85.99568965517241,6.118612711005506,0.24370279430907835,-0.1864362142857036,0.08240769230769258,19795.842338105704
0.35,4,20261203,11.7,85.99568965517241,6.117246218302929,0.24369460739319052,-0.16341456250000064,0.08238461538461564,19778.972352673645
0.3,4,20261203,11.7,85.99568965517241,6.117187891234081,0.24369460739319052,-0.1400696249999998,0.08239230769230795,19778.972352673645
0.25,4,20261203,11.7,85.99568965517241,6.117129564165232,0.24369460739319052,-0.11672468750000034,0.08240769230769256,19778.972352673645
0.2,4,20261203,11.5,87.50438596491227,5.989896015299365,0.20435969284045366,-0.09292249999999397,0.07326153846153864,15083.656794238812
0.15,4,20261203,11.5,87.50438596491227,5.988559997445722,0.20440380715954581,-0.06968523214285735,0.07324230769230788,15042.548254032023
0.1,4,20261203,11.5,87.50438596491227,5.987153231395989,0.20438480181909188,-0.04643744642856823,0.07324230769230787,15009.413408761307
0.05,4,20261203,11.5,87.50438596491227,5.985604322430642,0.20438480181909188,-0.023205991071426804,0.07322307692307711,15009.413408761307
-0.0,4,20261203,11.5,87.50438596491227,5.985539960421342,0.20438480181909188,0.0,0.07323076923076942,15009.413408761307
1.0,5,20261204,11.4,86.5,6.109091212444775,0.21829263584779696,-0.548412142857148,0.08136153846154044,18534.448049136947
0.95,5,20261204,11.4,86.5,6.10898560083168,0.21829263584779696,-0.5200291517857111,0.08138846153846352,18534.448049136947
0.9,5,20261204,11.4,86.5,6.10745588411774,0.21856508836782362,-0.4916378571428523,0.08138076923077123,18533.545742374397
0.85,5,20261204,11.4,86.5,6.107273995125951,0.21856508836782362,-0.4613085089285705,0.08141923076923274,18533.545742374397
0.8,5,20261204,11.5,85.74122807017544,6.083992026553401,0.22177699090453926,-0.41402714285712156,0.08117307692307876,18616.99944408632
0.75,5,20261204,11.5,85.74122807017544,6.083823042148806,0.22177699090453926,-0.36552321428571033,0.08121538461538647,18616.99944408632
0.7,5,20261204,11.6,86.7304347826087,6.099718153448354,0.22177699090453926,-0.32849537500000053,0.08093076923077101,18616.99944408632
0.65,5,20261204,11.6,86.73478260869565,6.094217259072237,0.22169804564419215,-0.3038008303571441,0.08072307692307873,18496.83707577784
0.6,5,20261204,11.6,86.73478260869565,6.092540098290521,0.22169804564419215,-0.28038503571428525,0.08071153846154028,18496.83707577784
0.55,5,20261204,11.6,86.73478260869565,6.090821390142865,0.2216898587283043,-0.2569861249999974,0.08068076923077104,18479.968295775325
0.5,5,20261204,11.6,86.73478260869565,6.090755498879512,0.2216898587283043,-0.23362375000000274,0.08069615384615567,18479.968295775325
0.45,5,20261204,11.6,86.73478260869565,6.090689607616159,0.2216898587283043,-0.21026137500000242,0.08071538461538641,18479.968295775325
0.4,5,20261204,11.6,86.73478260869565,6.090623716352812,0.2216898587283043,-0.18689899999998955,0.08072307692307873,18479.968295775325
0.35,5,20261204,11.6,86.73478260869565,6.0905578250894505,0.2216898587283043,-0.1635366250000005,0.08074615384615562,18479.968295775325
0.3,5,20261204,11.6,86.73478260869565,6.0889435086631964,0.2216898587283043,-0.1401526607142856,0.0807384615384633,18479.968295775325
0.25,5,20261204,11.6,86.73478260869565,6.087279655971622,0.2216898587283043,-0.1167565178571434,0.08072307692307867,18479.968295775325
0.2,5,20261204,11.6,86.73478260869565,6.072029342278046,0.22141053504672886,-0.09335760714285121,0.07980384615384785,18350.423948070118
0.15,5,20261204,11.6,86.73478260869565,6.071966293799232,0.22141053504672886,-0.07001820535714312,0.07983076923077093,18350.423948070118
0.1,5,20261204,11.7,85.98706896551724,6.053295763061006,0.22141053504672886,-0.046325624999996845,0.07926923076923245,18350.423948070118
0.05,5,20261204,11.7,85.98706896551724,6.053233086299488,0.22141053504672886,-0.023162812499998246,0.07927307692307861,18350.423948070118
-0.0,5,20261204,11.7,85.98706896551724,6.053170409537968,0.22141053504672886,0.0,0.07928076923077092,18350.423948070118
1.0,6,20261205,11.0,89.68348623853211,5.958049261895893,0.1655552283044056,-0.5533112500000053,0.06912307692307848,14118.77944198333
0.95,6,20261205,11.0,89.68348623853211,5.957914829830052,0.1655552283044056,-0.5236052232142849,0.06913461538461696,14118.77944198333
0.9,6,20261205,11.1,88.86818181818182,5.937117028283722,0.1655552283044056,-0.4948015178571407,0.06890000000000153,14118.77944198333
0.85,6,20261205,11.2,88.06756756756756,5.9130289676989625,0.1658964472630171,-0.46064975892857085,0.06856153846153996,14097.501817144343
0.8,6,20261205,11.2,88.06756756756756,5.909431578253342,0.1658964472630171,-0.41217157142854904,0.06861923076923226,14097.501817144343
0.75,6,20261205,11.3,89.0625,5.925112263896442,0.1658964472630171,-0.36157901785713936,0.0683269230769245,14097.501817144343
0.7,6,20261205,11.4,88.27433628318585,5.910729900505899,0.1643921014686246,-0.32858837500000065,0.06790000000000138,14217.387463475883
0.65,6,20261205,11.4,88.27433628318585,5.910649892998302,0.1643921014686246,-0.30481552678571516,0.06792692307692445,14217.387463475883
0.6,6,20261205,11.6,86.73913043478261,5.868893799934471,0.1643921014686246,-0.2795214642857137,0.06733846153846293,14217.387463475883
0.55,6,20261205,11.6,86.73913043478261,5.864109122473086,0.1643921014686246,-0.25608491071428335,0.06726923076923216,14217.387463475883
0.5,6,20261205,11.6,86.73913043478261,5.860219777910015,0.16432046595460592,-0.2326605357142878,0.06716923076923217,14122.228795956553
0.45,6,20261205,11.6,86.73913043478261,5.860156052321571,0.16432046595460592,-0.2093944821428598,0.06718461538461679,14122.228795956553
0.4,6,20261205,11.6,86.73913043478261,5.853490184090971,0.16430496929238964,-0.18611735714284672,0.06679230769230912,14082.053107144606
0.35,6,20261205,11.6,86.73913043478261,5.853426505631507,0.16430496929238964,-0.16285268750000054,0.06682307692307835,14082.053107144606
0.3,6,20261205,11.6,86.73913043478261,5.851823221851947,0.16430496929238964,-0.139511625,0.06681538461538604,14082.053107144606
0.25,6,20261205,11.6,86.73913043478261,5.850283824188502,0.16430496929238964,-0.11622232142857179,0.06682307692307833,14082.053107144606
0.2,6,20261205,11.6,86.73913043478261,5.850221227051383,0.16430496929238964,-0.09297785714285112,0.06683076923077066,14082.053107144606
0.15,6,20261205,11.6,86.73913043478261,5.848725131321271,0.16430496929238964,-0.06972758035714309,0.06681923076923219,14082.053107144606
0.1,6,20261205,11.6,86.73913043478261,5.848662651550159,0.16430496929238964,-0.04648505357142532,0.0668423076923091,14082.053107144606
0.05,6,20261205,11.6,86.73913043478261,5.719350368683883,0.12073577453271009,-0.023190767857141095,0.05858461538461631,11699.113808191072
-0.0,6,20261205,11.7,85.99137931034483,5.703305005390405,0.12073577453271009,0.0,0.058080769230770136,11699.113808191072
1.0,7,20261206,11.4,86.5,6.0000430701883,0.20138120877837098,-0.5436403571428622,0.07527692307692477,17048.54434384562
0.95,7,20261206,11.4,86.50442477876106,5.995245586576902,0.2044218622329771,-0.5154223303571417,0.07521153846154016,17131.239585461346
0.9,7,20261206,11.4,86.50442477876106,5.992138605198867,0.2044218622329771,-0.4883944821428533,0.07513461538461709,17131.239585461346
0.85,7,20261206,11.2,88.06306306306307,6.02492758440832,0.20113832418224287,-0.45938401785714067,0.07556538461538637,16644.26496499658
0.8,7,20261206,11.2,88.06306306306307,6.020147010404203,0.20156000517356462,-0.42540414285712397,0.07552692307692481,16643.27275386671
0.75,7,20261206,11.4,88.26548672566372,6.0189961849807565,0.20156000517356462,-0.3677776339285679,0.07503846153846319,16643.27275386671
0.7,7,20261206,11.4,88.26548672566372,6.017184777797574,0.20156000517356462,-0.3277901250000009,0.07502307692307857,16643.27275386671
0.65,7,20261206,11.4,88.26548672566372,6.015501884643578,0.20155094108811733,-0.30298403571428667,0.07500384615384778,16635.202403565352
0.6,7,20261206,11.4,88.26548672566372,6.015434411661288,0.20155094108811733,-0.2796775714285715,0.0750115384615401,16635.202403565352
0.55,7,20261206,11.4,88.26548672566372,6.009888800270159,0.19575979455941245,-0.2561184017857124,0.074907692307694,16319.653037620732
0.5,7,20261206,11.4,88.26548672566372,6.009821527667745,0.19575979455941245,-0.23283491071428825,0.07493076923077092,16319.653037620732
0.45,7,20261206,11.4,88.26991150442478,6.006623786498758,0.19575979455941245,-0.20937704464285972,0.07488461538461706,16319.653037620732
0.4,7,20261206,11.4,88.26991150442478,6.00500865385149,0.19575979455941245,-0.18608414285713237,0.07486153846154013,16319.653037620732
0.35,7,20261206,11.5,87.49561403508773,5.988583329558244,0.19575979455941245,-0.16281781250000069,0.07445769230769396,16319.653037620732
0.3,7,20261206,11.5,87.49561403508773,5.988517902394392,0.19575979455941245,-0.13955812500000012,0.07446923076923241,16319.653037620732
0.25,7,20261206,11.5,87.49561403508773,5.98845247523054,0.19575979455941245,-0.11629843750000045,0.07449230769230933,16319.653037620732
0.2,7,20261206,11.5,87.49561403508773,5.986569481704108,0.19575979455941245,-0.09302878571427955,0.07446538461538625,16319.653037620732
0.15,7,20261206,11.5,87.49561403508773,5.986504148757044,0.19575979455941245,-0.06977158928571464,0.07448076923077088,16319.653037620732
0.1,7,20261206,11.5,87.49561403508773,5.986438815809984,0.19575979455941245,-0.046514392857139486,0.07448846153846317,16319.653037620732
0.05,7,20261206,11.5,87.49561403508773,5.986373482862925,0.19575979455941245,-0.023257196428569535,0.07449230769230933,16319.653037620732
-0.0,7,20261206,11.5,87.49561403508773,5.986308149915866,0.19575979455941245,0.0,0.07451538461538625,16319.653037620732
1.0,8,20261207,11.3,87.28125,6.215787579168599,0.24330826902536723,-0.5454837500000068,0.08580769230769303,20188.144194060464
0.95,8,20261207,11.3,87.28125,6.215684032937461,0.24330826902536723,-0.518199044642856,0.08582692307692379,20188.144194060464
0.9,8,20261207,11.4,86.50884955752213,6.194318528823709,0.24330826902536723,-0.4886136964285679,0.08555769230769295,20188.144194060464
0.85,8,20261207,11.4,86.50884955752213,6.189534961895118,0.24330826902536723,-0.45719602678571136,0.08548461538461599,20188.144194060464
0.8,8,20261207,11.4,86.50884955752213,6.185910070767613,0.24330826902536723,-0.41665328571426496,0.08546923076923137,20188.144194060464
0.75,8,20261207,11.4,86.50884955752213,6.182557322679623,0.2467577383177571,-0.36987013392856777,0.08546923076923131,20270.646462064175
0.7,8,20261207,11.5,87.5,6.199571666664319,0.2467577383177571,-0.3289758750000009,0.08524230769230824,20270.646462064175
0.65,8,20261207,11.5,87.50438596491227,6.196147930167015,0.2467577383177571,-0.3040635000000014,0.0851730769230775,20270.646462064175
0.6,8,20261207,11.5,87.50438596491227,6.196075885746511,0.2467577383177571,-0.280674,0.08518461538461596,20270.646462064175
0.55,8,20261207,11.6,86.74347826086957,6.177867525796609,0.2467577383177571,-0.25723578571428324,0.0849653846153852,20270.646462064175
0.5,8,20261207,11.6,86.74347826086957,6.1778034339844075,0.2467577383177571,-0.2338507142857172,0.08498846153846214,20270.646462064175
0.45,8,20261207,11.6,86.74347826086957,6.177739342172201,0.2467577383177571,-0.21046564285714567,0.0849923076923083,20270.646462064175
0.4,8,20261207,11.6,86.74347826086957,6.176170100347296,0.2467577383177571,-0.1870229999999893,0.08496538461538519,20270.646462064175
0.35,8,20261207,11.6,86.74347826086957,6.174417943897281,0.2467577383177571,-0.16360443750000073,0.08494230769230827,20270.646462064175
0.3,8,20261207,11.6,86.74347826086957,6.172797725182824,0.2467577383177571,-0.14022739285714306,0.08493076923076981,20270.646462064175
0.25,8,20261207,11.6,86.74347826086957,6.172735885746997,0.2467577383177571,-0.11685616071428649,0.0849461538461544,20270.646462064175
0.2,8,20261207,11.6,86.74347826086957,6.172674046311174,0.2467577383177571,-0.09348492857142213,0.08496538461538519,20270.646462064175
0.15,8,20261207,11.2,89.86936936936937,6.0463744671366975,0.19227523848464592,-0.07041843750000043,0.07435769230769268,13362.129135270812
0.1,8,20261207,11.3,89.06696428571429,6.027280110317344,0.19227523848464592,-0.04685262499999654,0.07409230769230797,13362.129135270812
0.05,8,20261207,11.3,89.06696428571429,6.025674361588656,0.19227523848464592,-0.023424928571426598,0.0740730769230772,13362.129135270812
-0.0,8,20261207,11.4,88.27876106194691,6.0091933139971125,0.19227523848464592,0.0,0.07355769230769259,13362.129135270812
1.0,9,20261208,11.1,88.86363636363636,6.111207027054007,0.21451141371829058,-0.548329107142863,0.07896923076923093,15707.295386888063
0.95,9,20261208,11.1,88.86363636363636,6.111094328950622,0.21451141371829058,-0.51976094642857,0.07899230769230783,15707.295386888063
0.9,9,20261208,11.1,88.86363636363636,6.110979133358127,0.21451141371829058,-0.4912392857142816,0.07900769230769247,15707.295386888063
0.85,9,20261208,11.1,88.86363636363636,6.109336818616734,0.21451141371829058,-0.46142614285714145,0.07901538461538475,15707.295386888063
0.8,9,20261208,11.2,89.86036036036036,6.124136249729823,0.21796088301068048,-0.40969599999997663,0.07876153846153859,15789.79765489163
0.75,9,20261208,11.2,89.86036036036036,6.121151342231237,0.22117278554739608,-0.36260035714285327,0.07875000000000015,15934.871035746968
0.7,9,20261208,11.3,89.05803571428571,6.099793506344573,0.22117278554739608,-0.3286813750000008,0.07849230769230775,15934.871035746968
0.65,9,20261208,11.3,89.05803571428571,6.0981438570435,0.22117278554739608,-0.3043873392857157,0.07846923076923082,15934.871035746968
0.6,9,20261208,11.3,89.05803571428571,6.098075770272759,0.22117278554739608,-0.28097292857142814,0.07848076923076928,15934.871035746968
0.55,9,20261208,11.3,89.05803571428571,6.09623626597272,0.22117278554739608,-0.2575372053571408,0.07846538461538466,15934.871035746968
0.5,9,20261208,11.3,89.05803571428571,6.096168258105481,0.22117278554739608,-0.23412473214285964,0.07848076923076926,15934.871035746968
0.45,9,20261208,11.3,89.05803571428571,6.091626315402383,0.22118740504005296,-0.21058272321428836,0.07834230769230772,15892.229672490364
0.4,9,20261208,11.3,89.05803571428571,6.088384145590069,0.22118740504005296,-0.1870827857142748,0.07829615384615388,15892.229672490364
0.35,9,20261208,11.3,89.05803571428571,6.088317997010931,0.22118740504005296,-0.16369743750000051,0.07831923076923081,15892.229672490364
0.3,9,20261208,11.3,89.05803571428571,6.088251848431784,0.22118740504005296,-0.14031208928571423,0.07833076923076926,15892.229672490364
0.25,9,20261208,11.3,89.05803571428571,6.088185699852646,0.22118740504005296,-0.11692674107142907,0.07835000000000003,15892.229672490364
0.2,9,20261208,11.3,89.05803571428571,6.086522648124431,0.22118740504005296,-0.09352367857142238,0.07831923076923078,15892.229672490364
0.15,9,20261208,11.3,89.05803571428571,6.084911652198113,0.22118740504005296,-0.07013113392857172,0.07831538461538465,15892.229672490364
0.1,9,20261208,11.3,89.05803571428571,6.084846197622191,0.22118740504005296,-0.04675408928571102,0.0783269230769231,15892.229672490364
0.05,9,20261208,11.3,89.05803571428571,6.081961079370414,0.22130545744325722,-0.023365142857141093,0.07828846153846154,15858.269983816359
-0.0,9,20261208,11.4,88.26991150442478,6.062271492483037,0.22130545744325722,0.0,0.07771923076923076,15858.269983816359
1.0,10,20261209,11.3,87.28125,6.020176612912303,0.20335785555740965,-0.5417692857142903,0.07516538461538483,16438.137355903906
0.95,10,20261209,11.3,87.28125,6.016891461604179,0.20335785555740965,-0.5108155089285701,0.07512692307692331,16438.137355903906
0.9,10,20261209,11.3,87.28125,6.012519026210258,0.2038171269192254,-0.4832828035714252,0.075069230769231,16402.60753174259
0.85,10,20261209,11.4,86.50884955752213,5.990305705683325,0.2042583797563416,-0.45315412499999785,0.07475769230769248,16400.518237149266
0.8,10,20261209,11.4,86.50884955752213,5.987323866793217,0.20754557268024013,-0.41322999999997745,0.07474615384615399,16544.327469952485
0.75,10,20261209,11.4,86.50884955752213,5.983792149892972,0.20754557268024013,-0.3706921874999959,0.0747846153846155,16544.327469952485
0.7,10,20261209,11.5,87.50438596491227,5.999586814019952,0.20754557268024013,-0.33085137500000067,0.074446153846154,16544.327469952485
0.65,10,20261209,11.5,87.50438596491227,5.999519169871665,0.20754557268024013,-0.30628359821428747,0.07446538461538477,16544.327469952485
0.6,10,20261209,11.5,87.50438596491227,5.997694837879017,0.20754557268024013,-0.28259710714285713,0.07443846153846169,16544.327469952485
0.55,10,20261209,11.5,87.50438596491227,5.996082261136896,0.20754557268024013,-0.25901385714285485,0.07440769230769247,16544.327469952485
0.5,10,20261209,11.5,87.50438596491227,5.912947594274447,0.1741965362983977,-0.2354560714285741,0.0692730769230781,14936.677518484226
0.45,10,20261209,11.5,87.50438596491227,5.911298086483285,0.1741965362983977,-0.21186313392857384,0.06924615384615503,14936.677518484226
0.4,10,20261209,11.5,87.50438596491227,5.909522659868219,0.1741965362983977,-0.18828071428570342,0.06922692307692425,14936.677518484226
0.35,10,20261209,11.5,87.50438596491227,5.909455144621288,0.1741965362983977,-0.16474562500000062,0.06923461538461656,14936.677518484226
0.3,10,20261209,11.5,87.50438596491227,5.907858365190167,0.1741965362983977,-0.14119226785714295,0.06920769230769347,14936.677518484226
0.25,10,20261209,11.5,87.50438596491227,5.90779121336026,0.1741965362983977,-0.11766022321428618,0.0692230769230781,14936.677518484226
0.2,10,20261209,11.5,87.50438596491227,5.907724061530345,0.1741965362983977,-0.09412817857142237,0.06925769230769345,14936.677518484226
0.15,10,20261209,11.5,87.50438596491227,5.904575963201894,0.1741965362983977,-0.07053468750000036,0.06920769230769346,14936.677518484226
0.1,10,20261209,11.5,87.50438596491227,5.902984195794793,0.1742510852803737,-0.04701537499999663,0.06918076923077039,14924.148606878585
0.05,10,20261209,11.5,87.50438596491227,5.902918619946832,0.1742510852803737,-0.023507687499998115,0.06921538461538576,14924.148606878585
-0.0,10,20261209,11.5,87.50438596491227,5.902853044098871,0.1742510852803737,0.0,0.06922692307692423,14924.148606878585
1.0,11,20261210,11.0,89.6788990825688,6.0774454998900875,0.20293440195260312,-0.5475375000000051,0.07616923076923117,15688.407758372414
0.95,11,20261210,11.1,88.86363636363636,6.056785995593489,0.20324027828771662,-0.5145493482142866,0.07590769230769265,15580.700905372485
0.9,11,20261210,11.2,88.06306306306307,6.0331081959459105,0.20652747121161516,-0.48531053571428384,0.07561153846153874,15663.396146988094
0.85,11,20261210,11.2,88.06306306306307,6.030367537704153,0.20663247571762317,-0.45603380357142703,0.07558076923076949,15629.436458314052
0.8,11,20261210,11.3,89.05803571428571,6.046879094286892,0.20663247571762317,-0.4146028571428342,0.07536153846153866,15629.436458314052
0.75,11,20261210,11.4,88.26991150442478,6.028571258442445,0.20505649440921203,-0.36255468749999753,0.07489230769230786,15651.067831022216
0.7,11,20261210,11.4,88.26991150442478,6.025219049641412,0.20505649440921203,-0.32655787500000133,0.074846153846154,15651.067831022216
0.65,11,20261210,11.4,88.26991150442478,6.0251461918818,0.20505649440921203,-0.3024910803571445,0.07486923076923094,15651.067831022216
0.6,11,20261210,11.4,88.26991150442478,6.025073334122183,0.20505649440921203,-0.27922253571428524,0.07488846153846171,15651.067831022216
0.55,11,20261210,11.4,88.26991150442478,6.02500047636257,0.20505649440921203,-0.25595399107142613,0.07490769230769247,15651.067831022216
0.5,11,20261210,11.4,88.26991150442478,6.02492761860296,0.20505649440921203,-0.23268544642857414,0.07492692307692324,15651.067831022216
0.45,11,20261210,11.5,87.49561403508773,6.007574964241573,0.20504099774699572,-0.20934466071428834,0.07447692307692326,15610.579865984917
0.4,11,20261210,11.5,87.49561403508773,6.004317137706547,0.2051667619325765,-0.186011071428561,0.07443461538461557,15609.898698011562
0.35,11,20261210,11.5,87.49561403508773,6.003019058461795,0.20551450483978606,-0.1627325625000009,0.0744230769230771,15598.329679817152
0.3,11,20261210,11.5,87.49561403508773,6.002947957271058,0.20551450483978606,-0.1394850535714286,0.07444230769230788,15598.329679817152
0.25,11,20261210,11.5,87.49561403508773,6.00287685608032,0.20551450483978606,-0.11623754464285767,0.07446153846153866,15598.329679817152
0.2,11,20261210,11.5,87.49561403508773,5.999887338882909,0.20551450483978606,-0.09296124999999404,0.07443461538461557,15598.329679817152
0.15,11,20261210,11.5,87.49561403508773,5.999816830808029,0.20551450483978606,-0.06972093750000036,0.07444615384615402,15598.329679817152
0.1,11,20261210,11.5,87.49561403508773,5.999746322733145,0.20551450483978606,-0.0464806249999967,0.07446153846153865,15598.329679817152
0.05,11,20261210,11.7,85.98706896551724,5.962130569048016,0.2089639741321759,-0.023072303571426762,0.0736384615384617,15741.826209483457
-0.0,11,20261210,11.7,85.99137931034483,5.960418890815084,0.2089639741321759,0.0,0.07362692307692321,15741.826209483457
1.0,12,20261211,7.4,133.91095890410958,6.528409102753225,0.19026511306742303,-0.564388214285721,0.07913461538461546,11054.564890733434
0.95,12,20261211,7.5,132.10135135135135,6.509131851998537,0.19026511306742303,-0.5329293035714259,0.07870769230769235,11054.564890733434
0.9,12,20261211,7.5,132.10135135135135,6.508958435958204,0.19026511306742303,-0.503819196428566,0.0787461538461539,11054.564890733434
0.85,12,20261211,7.5,132.10135135135135,6.508738289900961,0.19026511306742303,-0.4741164910714271,0.07875000000000003,11054.564890733434
0.8,12,20261211,7.6,130.34,6.4898567099671105,0.19026511306742303,-0.4313517142856949,0.07851538461538471,11054.564890733434
0.75,12,20261211,7.8,126.95454545454545,6.4604924389866945,0.17729913985313736,-0.3818106696428538,0.07822307692307692,10731.791768398041
0.7,12,20261211,7.9,127.89102564102564,6.476638293390175,0.17729913985313736,-0.33889587500000135,0.07779615384615385,10731.791768398041
0.65,12,20261211,7.9,127.89102564102564,6.464895276548435,0.17337426293391175,-0.31289711607143006,0.07707692307692311,10362.865139403495
0.6,12,20261211,7.9,127.89102564102564,6.4647860838804645,0.17337426293391175,-0.288828107142857,0.07709230769230771,10362.865139403495
0.55,12,20261211,8.0,126.27215189873418,6.445721085215511,0.17337426293391175,-0.2637909017857118,0.07685384615384612,10362.865139403495
0.5,12,20261211,8.0,126.27215189873418,6.444113528876181,0.17354874657877156,-0.23977946428571717,0.07682692307692301,10362.755921495536
0.45,12,20261211,8.0,126.27215189873418,6.440820631009552,0.17354874657877156,-0.2156420892857167,0.07677692307692303,10362.755921495536
0.4,12,20261211,8.0,126.27215189873418,6.440712510474289,0.17354874657877156,-0.19168185714284589,0.07679230769230766,10362.755921495536
0.35,12,20261211,8.0,126.27215189873418,6.440604389939018,0.17354874657877156,-0.16772162500000104,0.07679999999999995,10362.755921495536
0.3,12,20261211,8.0,126.27215189873418,6.440496269403742,0.17354874657877156,-0.1437613928571429,0.07681923076923072,10362.755921495536
0.25,12,20261211,8.0,126.27215189873418,6.4403881488684815,0.17354874657877156,-0.11980116071428625,0.07683846153846151,10362.755921495536
0.2,12,20261211,8.1,124.69375,6.422380383823531,0.17354874657877156,-0.09580439285713636,0.07640384615384613,10362.755921495536
0.15,12,20261211,8.1,124.69375,6.422274288831042,0.17354874657877156,-0.07185329464285749,0.07641923076923075,10362.755921495536
0.1,12,20261211,8.1,124.69375,6.422168193838557,0.17354874657877156,-0.04790219642856794,0.07642692307692306,10362.755921495536
0.05,12,20261211,8.2,123.15432098765432,6.4054943038128185,0.17354874657877156,-0.023798035714283804,0.07594230769230759,10362.755921495536
-0.0,12,20261211,8.3,121.65243902439025,6.393235485870994,0.17188322087783695,0.0,0.07579615384615372,10465.757308423086
1.0,13,20261212,10.8,91.35514018691589,6.081218357364095,0.20280057877169538,-0.5499842857142901,0.07764615384615463,14530.040251766319
0.95,13,20261212,10.9,90.50925925925925,6.060414252086838,0.20280057877169538,-0.5208232499999975,0.07741153846153917,14530.040251766319
0.9,13,20261212,10.9,90.50925925925925,6.060310401905074,0.20280057877169538,-0.4923652499999958,0.07742692307692378,14530.040251766319
0.85,13,20261212,10.9,90.50925925925925,6.060171806150593,0.20280057877169538,-0.46208959821428464,0.0774500000000007,14530.040251766319
0.8,13,20261212,10.9,90.50925925925925,6.056883760619172,0.20280057877169538,-0.426484714285694,0.07745769230769299,14530.040251766319
0.75,13,20261212,10.9,90.50925925925925,6.055029407014231,0.20280057877169538,-0.3697497321428539,0.07748846153846217,14530.040251766319
0.7,13,20261212,11.0,91.5091743119266,6.073882684011692,0.20280057877169538,-0.33077000000000084,0.0772538461538468,14530.040251766319
0.65,13,20261212,11.0,91.5091743119266,6.072318406390421,0.20280057877169538,-0.3061504642857155,0.07724230769230833,14530.040251766319
0.6,13,20261212,11.0,91.5137614678899,6.069078817594506,0.20280057877169538,-0.2823147857142856,0.07718846153846219,14530.040251766319
0.55,13,20261212,11.0,91.5137614678899,6.069007218096388,0.20280057877169538,-0.2587885535714261,0.07720000000000064,14530.040251766319
0.5,13,20261212,11.0,91.5137614678899,6.067356257214596,0.20280057877169538,-0.23520973214285992,0.0771538461538468,14530.040251766319
0.45,13,20261212,11.0,91.5137614678899,6.065559255761517,0.20280057877169538,-0.21159409821428804,0.07713076923076984,14530.040251766319
0.4,13,20261212,11.0,91.5137614678899,6.065487656263402,0.20280057877169538,-0.18808364285713192,0.07714615384615446,14530.040251766319
0.35,13,20261212,11.0,91.5137614678899,6.065416056765282,0.20280057877169538,-0.1645731875000007,0.07715769230769294,14530.040251766319
0.3,13,20261212,11.0,91.5137614678899,6.065344457267161,0.20280057877169538,-0.14106273214285717,0.07717307692307755,14530.040251766319
0.25,13,20261212,11.0,91.5137614678899,6.065272857769038,0.20280057877169538,-0.11755227678571482,0.07718846153846218,14530.040251766319
0.2,13,20261212,11.0,91.5137614678899,6.065201258270922,0.20280057877169538,-0.09404182142856518,0.07720384615384679,14530.040251766319
0.15,13,20261212,11.0,91.5137614678899,6.065129658772803,0.20280057877169538,-0.07053136607142899,0.07720384615384679,14530.040251766319
0.1,13,20261212,11.0,91.5137614678899,6.063535699592305,0.20280057877169538,-0.04701758928571096,0.07716923076923139,14530.040251766319
0.05,13,20261212,11.0,91.5137614678899,6.063464211699805,0.20280057877169538,-0.02350879464285527,0.07718076923076987,14530.040251766319
-0.0,13,20261212,11.1,90.68181818181819,6.043259173002712,0.20280057877169538,0.0,0.0765653846153852,14530.040251766319
1.0,14,20261213,11.1,88.86363636363636,6.153560225623263,0.21145087775367127,-0.5515232142857188,0.08066923076923113,15285.209809078096
0.95,14,20261213,11.1,88.86363636363636,6.1500717952840755,0.21145087775367127,-0.5224640357142839,0.08060769230769266,15285.209809078096
0.9,14,20261213,11.1,88.86363636363636,6.149928332007896,0.21145087775367127,-0.4908706071428549,0.08065000000000035,15285.209809078096
0.85,14,20261213,11.1,88.86363636363636,6.148299862930164,0.21145087775367127,-0.45669725892857077,0.08064230769230803,15285.209809078096
0.8,14,20261213,11.2,88.06306306306307,6.110145226461031,0.20539756717289692,-0.41280042857140614,0.07998076923076945,15114.29475892958
0.75,14,20261213,11.3,87.27678571428571,6.0885661317377275,0.20539756717289692,-0.3655024553571391,0.07976538461538477,15114.29475892958
0.7,14,20261213,11.4,88.26991150442478,6.1056314511378655,0.20539756717289692,-0.33137837500000095,0.07951153846153866,15114.29475892958
0.65,14,20261213,11.3,89.05803571428571,6.143553704738951,0.20372467690253643,-0.30667220535714407,0.08015384615384642,14860.771610882433
0.6,14,20261213,11.3,89.05803571428571,6.1434690670729175,0.20372467690253643,-0.28308203571428525,0.08018076923076951,14860.771610882433
0.55,14,20261213,11.4,88.26991150442478,6.121805979006933,0.20713509387516657,-0.259184357142855,0.07986538461538481,14958.4355271676
0.5,14,20261213,11.4,88.26991150442478,6.121733993576797,0.20713509387516657,-0.23562214285714525,0.07987307692307712,14958.4355271676
0.45,14,20261213,11.4,88.27433628318585,6.120031960069742,0.20713509387516657,-0.21191295535714536,0.07983846153846175,14958.4355271676
0.4,14,20261213,11.4,88.27433628318585,6.119959974639603,0.20713509387516657,-0.18836707142856052,0.07985769230769252,14958.4355271676
0.35,14,20261213,11.4,88.27433628318585,6.118619371678553,0.20750240862817063,-0.1647921250000005,0.0798346153846156,14937.481356200578
0.3,14,20261213,11.4,88.27433628318585,6.118547436701972,0.20750240862817063,-0.1412503928571428,0.07985384615384636,14937.481356200578
0.25,14,20261213,11.4,88.27433628318585,6.1169075509692705,0.20750240862817063,-0.1176865178571432,0.07983461538461557,14937.481356200578
0.2,14,20261213,11.4,88.27433628318585,6.115156149242712,0.20750240862817063,-0.09412817857142244,0.07980384615384634,14937.481356200578
0.15,14,20261213,11.2,89.86486486486487,6.039032092740658,0.20941514994993285,-0.07073065178571458,0.07404615384615404,14173.576728632446
0.1,14,20261213,11.2,89.86486486486487,6.037380309865489,0.20941514994993285,-0.047129964285711035,0.07403076923076941,14173.576728632446
0.05,14,20261213,11.2,89.86486486486487,6.03730029747113,0.20941514994993285,-0.02356498214285539,0.07403461538461557,14173.576728632446
-0.0,14,20261213,11.2,89.86486486486487,6.037220285076778,0.20941514994993285,0.0,0.0740576923076925,14173.576728632446
1.0,15,20261214,11.5,85.74561403508773,6.00681807512098,0.1839839394192253,-0.5496964285714343,0.07660769230769406,16085.01590254131
0.95,15,20261214,11.5,85.74561403508773,6.005112595987348,0.1839839394192253,-0.5213544017857126,0.07660384615384792,16085.01590254131
0.9,15,20261214,11.5,85.74561403508773,6.005020829631868,0.1839839394192253,-0.49248482142856803,0.07663461538461716,16085.01590254131
0.85,15,20261214,11.5,85.74561403508773,6.002101827452463,0.1803292124499329,-0.4635294374999983,0.07652692307692484,15987.053154594982
0.8,15,20261214,11.5,85.74561403508773,5.9988784920702525,0.1803292124499329,-0.42024485714283555,0.0765115384615402,15987.053154594982
0.75,15,20261214,11.5,85.74561403508773,5.993625653148156,0.18330022229639487,-0.37333272321428224,0.07651153846154014,16070.4759537597
0.7,15,20261214,11.7,85.99137931034483,5.987955847525424,0.18330022229639487,-0.3300802500000004,0.07594230769230927,16070.4759537597
0.65,15,20261214,11.7,85.99137931034483,5.987890532253613,0.18330022229639487,-0.3055711517857157,0.07595000000000157,16070.4759537597
0.6,15,20261214,11.7,85.99137931034483,5.986251018329437,0.18330022229639487,-0.28199260714285684,0.07594615384615538,16070.4759537597
0.55,15,20261214,11.7,85.99137931034483,5.986187041924034,0.18330022229639487,-0.2584932232142837,0.07595000000000153,16070.4759537597
0.5,15,20261214,11.7,85.99137931034483,5.986123065518632,0.18330022229639487,-0.23499383928571674,0.07597692307692461,16070.4759537597
0.45,15,20261214,11.7,85.99137931034483,5.986059089113229,0.18330022229639487,-0.21149445535714526,0.07599615384615535,16070.4759537597
0.4,15,20261214,11.7,85.99137931034483,5.985995112707824,0.18330022229639487,-0.18799507142856073,0.07601153846153998,16070.4759537597
0.35,15,20261214,11.7,85.99137931034483,5.981321374908727,0.1835323981141519,-0.16444337500000042,0.0758500000000015,16061.306683393537
0.3,15,20261214,11.7,85.99137931034483,5.981258082162348,0.1835323981141519,-0.14095146428571434,0.07586923076923226,16061.306683393537
0.25,15,20261214,11.7,85.99137931034483,5.979691855344847,0.1835323981141519,-0.11741665178571452,0.07583846153846302,16061.306683393537
0.2,15,20261214,11.8,85.25641025641026,5.961462553794166,0.18361180023364457,-0.0932236428571366,0.07528076923077079,16044.578331503648
0.15,15,20261214,11.8,85.25641025641026,5.961400719393383,0.18361180023364457,-0.06991773214285743,0.07530000000000155,16044.578331503648
0.1,15,20261214,11.8,85.25641025641026,5.959917245214855,0.18682370277036014,-0.04659189285713944,0.07527692307692463,16189.682614906054
0.05,15,20261214,11.8,85.25641025641026,5.9598554400738815,0.18682370277036014,-0.023295946428569494,0.07528461538461693,16189.682614906054
-0.0,15,20261214,11.8,85.25641025641026,5.959793634932905,0.18682370277036014,0.0,0.07529230769230925,16189.682614906054
1.0,16,20261215,10.9,90.50925925925925,6.010692107822827,0.19718196053070747,-0.5474710714285765,0.0731576923076929,12857.102553453136
0.95,16,20261215,10.9,90.50925925925925,6.012531563837096,0.19718196053070747,-0.5200081160714268,0.07315000000000056,12857.139989185034
0.9,16,20261215,10.9,90.50925925925925,6.012417042495056,0.19718196053070747,-0.49113466071428363,0.07318846153846208,12857.139989185034
0.85,16,20261215,10.9,90.50925925925925,6.009016514038261,0.19718196053070747,-0.45698428571428396,0.07312307692307747,12857.139989185034
0.8,16,20261215,10.9,90.50925925925925,6.002631148206977,0.2006314298230973,-0.41468699999997644,0.07309615384615441,12939.642257188547
0.75,16,20261215,10.9,90.50925925925925,6.000833077836908,0.2006314298230973,-0.3645890624999971,0.07311923076923132,12939.642257188547
0.7,16,20261215,11.0,91.5091743119266,6.019537271173114,0.2006314298230973,-0.33120012500000096,0.07288461538461596,12939.642257188547
0.65,16,20261215,11.0,91.5091743119266,6.019465975091471,0.2006314298230973,-0.3069096875000012,0.07291538461538517,12939.642257188547
0.6,16,20261215,11.1,90.67727272727272,5.998471068770179,0.2006314298230973,-0.2821321071428563,0.07263076923076972,12939.642257188547
0.55,16,20261215,11.1,90.67727272727272,5.998404032077041,0.2006314298230973,-0.2586210982142834,0.0726500000000005,12939.642257188547
0.5,16,20261215,11.1,90.68181818181819,5.996708389614682,0.2006314298230973,-0.2349467857142888,0.0726076923076928,12939.642257188547
0.45,16,20261215,11.1,90.68181818181819,5.9966413529215385,0.2006314298230973,-0.21145210714285953,0.0726076923076928,12939.642257188547
0.4,16,20261215,11.1,90.68181818181819,5.996574316228402,0.2006314298230973,-0.18795742857141773,0.07262692307692357,12939.642257188547
0.35,16,20261215,11.1,90.68181818181819,5.996507279535265,0.2006314298230973,-0.16446275000000068,0.07264230769230817,12939.642257188547
0.3,16,20261215,11.1,90.68181818181819,5.994891296619177,0.2006314298230973,-0.14089167857142834,0.07262692307692355,12939.642257188547
0.25,16,20261215,11.1,90.68181818181819,5.99325492290574,0.2006314298230973,-0.11738205357142929,0.07260000000000048,12939.642257188547
0.2,16,20261215,11.1,90.68181818181819,5.992115924672911,0.2006314298230973,-0.09389899999999383,0.07257692307692355,12939.642257188547
0.15,16,20261215,11.1,90.68181818181819,5.992049294388552,0.2006314298230973,-0.07042425000000023,0.072588461538462,12939.642257188547
0.1,16,20261215,11.1,90.68181818181819,5.990405826535157,0.2006314298230973,-0.04694230357142515,0.07256923076923123,12939.642257188547
0.05,16,20261215,11.1,90.68181818181819,5.990339360105267,0.2006314298230973,-0.02347115178571237,0.07257692307692354,12939.642257188547
-0.0,16,20261215,11.2,89.86486486486487,5.972747979255207,0.2006314298230973,0.0,0.07204230769230813,12939.642257188547
1.0,17,20261216,11.2,88.06306306306307,5.935859292036055,0.16079291029706255,-0.5496300000000042,0.06933076923077051,13913.186568210274
0.95,17,20261216,11.2,88.06306306306307,5.935763848531326,0.16079291029706255,-0.5217645982142859,0.06938076923077051,13913.186568210274
0.9,17,20261216,11.2,88.06306306306307,5.937277535936591,0.15981515862817067,-0.49276382142856967,0.06945769230769357,13848.82416159516
0.85,17,20261216,11.2,88.06306306306307,5.935492062893105,0.15981515862817067,-0.46264012499999835,0.06944230769230894,13848.82416159516
0.8,17,20261216,11.2,88.06306306306307,5.93219902372442,0.15981515862817067,-0.41815014285712093,0.06945769230769357,13848.82416159516
0.75,17,20261216,11.3,87.27678571428571,5.901037975003101,0.15973621336782354,-0.3699448660714259,0.06880769230769353,13728.972864082718
0.7,17,20261216,11.4,88.26991150442478,5.918243658022403,0.15973621336782354,-0.33009575000000113,0.0685423076923089,13728.972864082718
0.65,17,20261216,11.4,88.26991150442478,5.918172985877151,0.15973621336782354,-0.30557115178571587,0.06856153846153967,13728.972864082718
0.6,17,20261216,11.4,88.26991150442478,5.916656150762135,0.15973621336782354,-0.2820590357142852,0.0685346153846166,13728.972864082718
0.55,17,20261216,11.4,88.27433628318585,5.913500570920989,0.15978462216288364,-0.2582618303571401,0.06847692307692431,13708.71022417887
0.5,17,20261216,11.4,88.27433628318585,5.913429948537212,0.15978462216288364,-0.23478348214285985,0.06849615384615507,13708.71022417887
0.45,17,20261216,11.4,88.27433628318585,5.91025025945156,0.15978462216288364,-0.21112079464285965,0.06843076923077046,13708.71022417887
0.4,17,20261216,11.4,88.27433628318585,5.91018091138581,0.15978462216288364,-0.18766292857141792,0.06845384615384738,13708.71022417887
0.35,17,20261216,11.4,88.27433628318585,5.910111563320062,0.15978462216288364,-0.16420506250000083,0.06845000000000123,13708.71022417887
0.3,17,20261216,11.4,88.27433628318585,5.910042215254315,0.15978462216288364,-0.14074719642857147,0.0684769230769243,13708.71022417887
0.25,17,20261216,11.4,88.27433628318585,5.90997286718856,0.15978462216288364,-0.11728933035714335,0.06849615384615507,13708.71022417887
0.2,17,20261216,11.4,88.27433628318585,5.909903519122812,0.15978462216288364,-0.09383146428570799,0.06850769230769353,13708.71022417887
0.15,17,20261216,11.5,87.5,5.891574061809332,0.15978462216288364,-0.06986708035714319,0.06793846153846274,13708.71022417887
0.1,17,20261216,11.5,87.5,5.889921310703879,0.15978462216288364,-0.046563107142853645,0.06793076923077043,13708.71022417887
0.05,17,20261216,11.5,87.5,5.888325932630296,0.15978462216288364,-0.023279892857140848,0.06790000000000121,13708.71022417887
-0.0,17,20261216,11.5,87.5,5.888258077252813,0.15978462216288364,0.0,0.06790769230769352,13708.71022417887
1.0,18,20261217,10.7,92.2122641509434,5.836676102927719,0.12156714853137494,-0.555398214285718,0.060211538461539545,11407.038012466115
0.95,18,20261217,10.9,90.50462962962963,5.7978244056786865,0.12156714853137494,-0.5240417142857137,0.059776923076924074,11407.038012466115
0.9,18,20261217,10.9,90.50462962962963,5.797718172611998,0.12156714853137494,-0.49543923214285535,0.05980384615384716,11407.038012466115
0.85,18,20261217,10.9,90.50925925925925,5.793037071113982,0.12156714853137494,-0.4649269285714282,0.05970000000000099,11407.038012466115
0.8,18,20261217,10.9,90.50925925925925,5.791250621964594,0.12460780198598106,-0.4186948571428364,0.05974615384615486,11428.588629314669
0.75,18,20261217,10.9,90.50925925925925,5.787896823036824,0.12460780198598106,-0.3676198660714257,0.05974615384615487,11428.588629314669
0.7,18,20261217,11.0,91.5091743119266,5.805281691689503,0.12460780198598106,-0.33280437500000065,0.059511538461539476,11428.588629314669
0.65,18,20261217,11.1,90.67727272727272,5.791632914136865,0.12303182067756989,-0.30593097321428697,0.059103846153847145,11450.220002022894
0.6,18,20261217,11.1,90.67727272727272,5.791569392224918,0.12303182067756989,-0.28239782142857073,0.05911538461538561,11450.220002022894
0.55,18,20261217,11.1,90.68181818181819,5.789885918389903,0.12303182067756989,-0.2586911249999978,0.05909615384615483,11450.220002022894
0.5,18,20261217,11.1,90.68181818181819,5.789822396477956,0.12303182067756989,-0.23517375000000248,0.0591076923076933,11450.220002022894
0.45,18,20261217,11.2,89.86486486486487,5.770848627414552,0.12303182067756989,-0.21084179464285963,0.05886538461538556,11450.220002022894
0.4,18,20261217,11.2,89.86486486486487,5.770786735015337,0.12303182067756989,-0.18741492857141767,0.0588884615384625,11450.220002022894
0.35,18,20261217,11.2,89.86486486486487,5.769173716651171,0.12303182067756989,-0.16394931250000058,0.058865384615385576,11450.220002022894
0.3,18,20261217,11.2,89.86486486486487,5.769111824251953,0.12303182067756989,-0.14052798214285708,0.05890000000000098,11450.220002022894
0.25,18,20261217,11.2,89.86486486486487,5.769049931852733,0.12303182067756989,-0.11710665178571471,0.058911538461539445,11450.220002022894
0.2,18,20261217,11.2,89.86486486486487,5.767479111551375,0.12303182067756989,-0.09363549999999377,0.05889230769230867,11450.220002022894
0.15,18,20261217,11.2,89.86486486486487,5.765649490033018,0.12303182067756989,-0.0702100178571431,0.05886153846153945,11450.220002022894
0.1,18,20261217,11.2,89.86486486486487,5.76558773933056,0.12303182067756989,-0.0468066785714252,0.05886923076923175,11450.220002022894
0.05,18,20261217,11.2,89.86486486486487,5.765525988628094,0.12303182067756989,-0.02340333928571247,0.05889230769230868,11450.220002022894
-0.0,18,20261217,11.2,89.86486486486487,5.765464237925636,0.12303182067756989,0.0,0.058903846153847146,11450.220002022894
1.0,19,20261218,11.0,89.6788990825688,6.054827682694321,0.21415696411882476,-0.5478530357142908,0.0756538461538464,15644.629548539639
0.95,19,20261218,11.0,89.6788990825688,6.054726255447151,0.21415696411882476,-0.5203131339285689,0.0756884615384618,15644.629548539639
0.9,19,20261218,11.0,89.6788990825688,6.054626788533999,0.21415696411882476,-0.49241008928570956,0.07569230769230795,15644.629548539639
0.85,19,20261218,11.0,89.6788990825688,6.054415225656878,0.21415696411882476,-0.4612144017857125,0.07572307692307717,15644.629548539639
0.8,19,20261218,11.1,90.67727272727272,6.070550165964383,0.21415696411882476,-0.4107588571428345,0.0754576923076925,15644.629548539639
0.75,19,20261218,11.2,89.86036036036036,6.050975942358753,0.21415696411882476,-0.3652658035714244,0.07526538461538475,15644.629548539639
0.7,19,20261218,11.2,89.86036036036036,6.050905261166123,0.21415696411882476,-0.3311187500000003,0.0753000000000001,15644.629548539639
0.65,19,20261218,11.2,89.86036036036036,6.050836509716554,0.21415696411882476,-0.30648150000000124,0.07531923076923086,15644.629548539639
0.6,19,20261218,11.3,89.05803571428571,6.037858936326672,0.21272425383845092,-0.2809098214285712,0.07489230769230776,15722.079828170225
0.55,19,20261218,11.3,89.05803571428571,6.025391863914243,0.21272218883511315,-0.2574001964285692,0.0743653846153847,15647.85261046971
0.5,19,20261218,11.3,89.05803571428571,6.02532406693348,0.21272218883511315,-0.23400017857143093,0.07439230769230777,15647.85261046971
0.45,19,20261218,11.3,89.05803571428571,6.023688733934608,0.21272218883511315,-0.21049304464285962,0.07437692307692316,15647.85261046971
0.4,19,20261218,11.3,89.05803571428571,6.021906130343335,0.21272218883511315,-0.18702521428570357,0.07435384615384624,15647.85261046971
0.35,19,20261218,11.3,89.05803571428571,6.020225784232886,0.21272218883511315,-0.16358893750000045,0.07432692307692317,15647.85261046971
0.3,19,20261218,11.3,89.05803571428571,6.01918541513737,0.21265055332109445,-0.14015432142857154,0.0743153846153847,15675.29307539095
0.25,19,20261218,11.3,89.05803571428571,6.017553285897345,0.21265055332109445,-0.11676758928571462,0.0742961538461539,15675.29307539095
0.2,19,20261218,11.3,89.05803571428571,6.015894836091991,0.21265055332109445,-0.09339303571427952,0.07427692307692312,15675.29307539095
0.15,19,20261218,11.3,89.05803571428571,6.015828813518428,0.21265055332109445,-0.07004477678571452,0.07429615384615387,15675.29307539095
0.1,19,20261218,11.3,89.05803571428571,6.015762790944864,0.21265055332109445,-0.04669651785713954,0.07429615384615387,15675.29307539095
0.05,19,20261218,11.3,89.05803571428571,6.015696768371297,0.21265055332109445,-0.023348258928569652,0.07430769230769234,15675.29307539095
-0.0,19,20261218,11.3,89.05803571428571,6.015630745797735,0.21265055332109445,0.0,0.07431538461538464,15675.29307539095
1.0,20,20261219,11.4,86.5,6.050099090317343,0.22473007359813063,-0.5443101785714336,0.08029230769230852,18125.08241666705
0.95,20,20261219,11.4,86.5,6.0462144670582285,0.22465843808411196,-0.5166581785714272,0.08020769230769312,18041.828994471503
0.9,20,20261219,11.4,86.5,6.044627632732147,0.22465843808411196,-0.4884094285714244,0.08020769230769313,18041.828994471503
0.85,20,20261219,11.4,86.5,6.041399026163084,0.22465843808411196,-0.4563867053571408,0.08016153846153924,18041.828994471503
0.8,20,20261219,11.4,86.5,6.041256313072403,0.22794563100801044,-0.41258342857140595,0.08021538461538534,18124.524236086985
0.75,20,20261219,11.5,87.49122807017544,6.054914494229741,0.22821291188250975,-0.36564361607142515,0.07995000000000063,18089.739704009553
0.7,20,20261219,11.5,87.49122807017544,6.054825864895459,0.22821291188250975,-0.3285302500000009,0.07998076923076987,18089.739704009553
0.65,20,20261219,11.5,87.49122807017544,6.054764930435364,0.22821291188250975,-0.30395555357142967,0.0800038461538468,18089.739704009553
0.6,20,20261219,11.5,87.49122807017544,6.054703995975272,0.22821291188250975,-0.2805743571428562,0.08001923076923141,18089.739704009553
0.55,20,20261219,11.5,87.49122807017544,6.054643061515176,0.22821291188250975,-0.2571931607142838,0.08002307692307757,18089.739704009553
0.5,20,20261219,11.5,87.49122807017544,6.054582127055087,0.22821291188250975,-0.23381196428571666,0.08005000000000063,18089.739704009553
0.45,20,20261219,11.5,87.49122807017544,6.054521192594989,0.22821291188250975,-0.21043076785714535,0.08006923076923139,18089.739704009553
0.4,20,20261219,11.5,87.49122807017544,5.97774634851102,0.18550794843124133,-0.1865845714285607,0.07495000000000199,16351.915695618358
0.35,20,20261219,11.5,87.49122807017544,5.97609058325981,0.1854997615153535,-0.1635153125000007,0.07491923076923276,16335.046915615874
0.3,20,20261219,11.5,87.49561403508773,5.974394877600727,0.1854997615153535,-0.14006132142857122,0.0748884615384635,16335.046915615874
0.25,20,20261219,11.5,87.49561403508773,5.972748659698138,0.1854997615153535,-0.11669700892857181,0.07486538461538657,16335.046915615874
0.2,20,20261219,11.5,87.49561403508773,5.9710862652919605,0.1854997615153535,-0.09331221428570817,0.07484230769230965,16335.046915615874
0.15,20,20261219,11.5,87.49561403508773,5.971027134719409,0.1854997615153535,-0.06998416071428605,0.07487692307692502,16335.046915615874
0.1,20,20261219,11.5,87.49561403508773,5.970968004146867,0.1854997615153535,-0.04665610714285387,0.07490000000000194,16335.046915615874
0.05,20,20261219,11.5,87.49561403508773,5.96771221687088,0.1854997615153535,-0.023311446428569645,0.07483846153846346,16335.046915615874
-0.0,20,20261219,11.5,87.49561403508773,5.9676543121378165,0.1854997615153535,0.0,0.07485000000000193,16335.046915615874
