gabaa_pathology_multiplier,n,firing_hz_mean,firing_hz_sd,mean_isi_ms_mean,mean_isi_ms_sd,mean_ampa_psp_mv_mean,mean_ampa_psp_mv_sd,mean_nmda_psp_mv_mean,mean_nmda_psp_mv_sd,mean_gaba_psp_mv_mean,mean_gaba_psp_mv_sd,nmda_open_fraction_mean,nmda_open_fraction_sd,mean_plasticity_state_mean,mean_plasticity_state_sd
1.0,20,10.965,0.9056983348136456,90.79352731838934,10.504228190537152,6.071527976733368,0.13996406855179605,0.1982168853805071,0.03223095594959835,-0.5492502500000052,0.0054811712238075445,0.07615576923077012,0.006279593221764395,15592.562315874038,2723.8886579053
0.95,20,10.995000000000001,0.8816700659901968,90.4925352249115,10.109647387626847,6.064376385201037,0.14149924010748718,0.19837985526118132,0.032252039349208804,-0.5201740352678557,0.005005105839469072,0.0760632692307701,0.00633316318231265,15585.126537729779,2719.1144245394426
0.9,20,11.01,0.8849026113527677,90.37312131674143,10.136955911870507,6.060380920394048,0.14135749350500698,0.1983833630257007,0.032633824604320925,-0.49149412232142536,0.004823214932307828,0.07603153846153933,0.006319876722993231,15576.967903890849,2731.587944253842
0.85,20,11.01,0.8843076387773657,90.37263397778341,10.133825800638887,6.057917306146623,0.142865991999921,0.19808082358978615,0.032692098680679973,-0.4606617575892842,0.004817424538347276,0.07600019230769316,0.006348512808409577,15544.854705064976,2718.716992027445
0.8,20,11.045,0.8720665112249181,90.31882005463282,9.782344504599918,6.052575141997545,0.13889560834849635,0.19893591223297707,0.03236403298972707,-0.416725692857121,0.005988939672982077,0.07588750000000082,0.006287359208934342,15563.419935595648,2717.5758638697885
0.75,20,11.085,0.8190334483241111,90.24819025201002,8.931573862203289,6.049626060327138,0.1348130528296154,0.19918525316254984,0.03335083906256801,-0.3679850156249966,0.004901826988046349,0.07575807692307772,0.006387028335312605,15571.325157024821,2778.082984109048
0.7,20,11.17,0.8202053658110651,90.73778386398992,9.034353298459557,6.056666856462886,0.13690658952451454,0.19911003587283022,0.033431466827979206,-0.33048092500000087,0.0027445087202976454,0.07552538461538538,0.0063669430556727935,15577.319439341398,2774.863009209974
0.65,20,11.175,0.8174897391920039,90.69443660556755,9.021083077220341,6.0553309479049275,0.13830940192593755,0.19874638513017334,0.03374468393669977,-0.30573055267857274,0.002307560526190981,0.07547750000000077,0.0064382584138093875,15539.575276753101,2804.5269089101803
0.6,20,11.195,0.8210872124971352,90.53643020846572,9.052087161210673,6.050767886225787,0.14124395823427044,0.19867474961615464,0.033711752145513786,-0.2819203660714282,0.0021715477794209035,0.07541076923077,0.006485655854208696,15543.44779073463,2804.7330678618873
0.55,20,11.215,0.8001809005994898,90.33472338656071,8.706643304267605,6.044876262248326,0.13713746601526602,0.19855667071511993,0.0337448247954604,-0.25824569374999773,0.0017856966215975066,0.07531442307692383,0.006470800653294165,15525.793898797303,2798.1836481050523
0.5,20,11.215,0.8001809005994898,90.33495065928798,8.706652775895673,6.040015014115349,0.14005341440811397,0.19691109605307053,0.034068904704221456,-0.23474210267857404,0.0016202877581889446,0.07505653846153927,0.0066174457880207645,15440.06951269692,2793.572631924032
0.45,20,11.225,0.8012326030626351,90.25583059784958,8.717938580948301,6.037032322753184,0.14158671967179515,0.19691105219459257,0.03406925800190554,-0.2111712388392882,0.0014460564619743772,0.07500807692307772,0.006649055856810023,15435.913046282225,2793.043436974849
0.4,20,11.225,0.8012326030626351,90.25604611509095,8.717827662963709,6.031994654659373,0.14242630944070742,0.19478131739819737,0.03333731312699267,-0.18765351785713208,0.0013238734740252832,0.07472865384615472,0.006556706798446514,15346.9790030234,2733.474305073146
0.35,20,11.23,0.8026928363164108,90.2173312416241,8.728824427419658,6.030289744286185,0.14270036177190631,0.19482786038050712,0.03334566725210478,-0.16420864687500064,0.0011382768933287908,0.07470019230769318,0.006553661360393751,15343.207441775294,2731.6817517578647
0.3,20,11.23,0.8026928363164108,90.21777781259699,8.728765047454173,6.0282726851204425,0.14200674750003733,0.19423036719793035,0.032453252047582995,-0.14072253482142855,0.0009771174850897952,0.0746378846153855,0.0064554602309851924,15314.102395041626,2683.258047404499
0.25,20,11.23,0.8026928363164108,90.21777781259699,8.728765047454173,6.027660221530386,0.1420919588686875,0.19423036719793035,0.032453252047582995,-0.11725798437500047,0.000818168788337538,0.07464173076923165,0.006453751486158469,15314.102395041626,2683.258047404499
0.2,20,11.235,0.7774959806970067,90.13438468273507,8.360354510499622,6.017079318071793,0.1375970950024658,0.19225362539218938,0.030411082717014946,-0.09373243035713666,0.0006861308071271786,0.07407365384615472,0.006129254415770336,15072.022982140128,2459.3047406553146
0.15,20,11.21,0.7731684639741916,90.33148885308472,8.32214253931865,6.005451063249807,0.13201273233978023,0.18962734318257654,0.027650318973813984,-0.07028940000000031,0.0005258629665031494,0.0732282692307701,0.0054158192563143435,14686.346457411715,2159.780413096875
0.1,20,11.23,0.7739849039735514,90.17076776873432,8.335349620929561,6.001115473874489,0.13183700063673295,0.1897897154914884,0.02762070847704105,-0.04680933571428237,0.0003567862438373857,0.07314653846153932,0.005415782256172896,14691.318483738018,2164.4798249311802
0.05,20,11.25,0.7577668020676214,89.97825082139526,8.035781189229388,5.990824178244981,0.14052609213878894,0.1878541202478302,0.031245220048682604,-0.023383549107141,0.0001722757066008209,0.07266038461538543,0.006164391912827675,14585.6327436254,2255.3553892088607
-0.0,20,11.28,0.7381342054553207,89.70472348241888,7.729510770067771,5.9855823211000585,0.13906948973844482,0.18777084396278346,0.031287544986197555,0.0,0.0,0.07252288461538543,0.006169211141522722,14590.782812971776,2245.300181354869
