state,drug,concentration_nM,n,firing_hz_mean,firing_hz_sd,mean_isi_ms_mean,mean_isi_ms_sd,mean_ampa_psp_mv_mean,mean_ampa_psp_mv_sd,mean_nmda_psp_mv_mean,mean_nmda_psp_mv_sd,mean_gaba_psp_mv_mean,mean_gaba_psp_mv_sd,nmda_open_fraction_mean,nmda_open_fraction_sd,mean_plasticity_state_mean,mean_plasticity_state_sd,within_state_suppression_fraction_mean,within_state_suppression_fraction_sd
healthy,perampanel,0,20,10.965,0.9056983348136456,90.79352731838934,10.504228190537152,6.071527976733368,0.13996406855179605,0.1982168853805071,0.03223095594959835,-0.5492502500000052,0.0054811712238075445,0.07615576923077012,0.006279593221764395,15592.562315874038,2723.8886579053,0.0,0.0
healthy,perampanel,6,20,9.535,1.52704565126673,106.97784023667174,23.37346827886982,6.16329919718321,0.21522262110172152,0.17699748581024674,0.02386140212555642,-0.5550397767857195,0.006801972776055471,0.07260403846153934,0.004383326835840146,12514.22786844247,2438.6558677046633,0.13104705514272574,0.11416620737093004
healthy,perampanel,8,20,9.05,1.505253956541623,112.68927649395977,23.84614023525473,6.2069267408449225,0.20734577810163965,0.17228597602219603,0.021228085230177676,-0.5569875178571481,0.006708694543765059,0.07201634615384717,0.004059854629450231,11996.311520265512,2177.195066548219,0.17391239838965059,0.12221690778156244
healthy,perampanel,10,20,8.02,1.7288876862245701,129.22780142966084,30.068441899490967,6.343194033253394,0.24122300179307415,0.17006825015437227,0.02152064806449098,-0.5605317589285768,0.00612806407972242,0.0734073076923087,0.004264092341194804,11442.396874626058,2459.927618318626,0.2679934824244418,0.14516192715282222
healthy,perampanel,12,20,5.0200000000000005,3.646425791460945,145.78150431367408,36.84763672963521,5.909384513891134,0.849536362133886,0.12066918731224949,0.07894767764427675,-0.6326956071428603,0.10902417663092726,0.06173153846153911,0.01905849780344292,7559.235478579458,5433.025020257579,0.5401511303234465,0.3303821475761995
healthy,perampanel,14,20,3.54,3.469930986724603,162.39764250803893,39.07097553265981,5.650458321203017,0.9529408575019165,0.09020017636431897,0.08026474778312931,-0.6710733303571454,0.1194641913888896,0.05463250000000047,0.020603528884238907,5076.932695599794,4939.0602634277375,0.6730138706642064,0.3177808857637688
healthy,perampanel,16,20,2.205,3.207634806618668,166.3489351131246,41.68841224067508,5.2758301805680095,0.9334136343913636,0.060963901139018596,0.07839800628278909,-0.7198562589285725,0.11591642632281045,0.046277884615384894,0.02012318393611939,3396.168938866516,4722.959713590978,0.8023719563498493,0.2867974483520978
healthy,perampanel,18,20,1.25,2.603337938311627,162.4421035649849,25.606809174045228,4.954954655811156,0.79062795562209,0.03710801769442585,0.0680257504986909,-0.7585445357142857,0.09896410823517982,0.03920884615384623,0.01713154752908243,2049.283657281022,4099.6582973681625,0.8884158661060835,0.23231210633481622
healthy,perampanel,22,20,0.0,0.0,nan,0.0,4.508353987636688,0.05693140383965099,0.0031002187499999997,0.0027162650491490362,-0.8127566160714264,0.006830404275838647,0.029345384615384544,0.001281903122343194,85.82745773568007,72.66162939884488,1.0,0.0
healthy,memantine,0,20,10.965,0.9056983348136456,90.79352731838934,10.504228190537152,6.071527976733368,0.13996406855179605,0.1982168853805071,0.03223095594959835,-0.5492502500000052,0.0054811712238075445,0.07615576923077012,0.006279593221764395,15592.562315874038,2723.8886579053,0.0,0.0
healthy,memantine,50,20,10.2,1.23031874346704,98.48499708650546,15.952977550971589,6.113138103088401,0.18156058627240054,0.17011081546011877,0.02447142012388666,-0.5527272321428623,0.007034704420077872,0.0728276923076934,0.004554200493654585,8044.289774584498,1167.4236797703113,0.07213642176127488,0.05412428294910102
healthy,memantine,100,20,8.755,1.5796318691724547,117.03854577143358,26.710504514934392,6.28024697327286,0.2533400862532681,0.1541563445105826,0.01843785830723675,-0.5586490625000055,0.007488261001898652,0.07270576923077043,0.0048358621680884735,4560.751641555845,642.8870872665806,0.2060565874439043,0.10043752570617061
healthy,memantine,125,20,7.67,1.5874839410708679,134.42794674965353,31.90496773793192,6.420416739460134,0.23916575121970843,0.14405229010678294,0.01894616095266152,-0.5611163303571484,0.006909826019363157,0.07353365384615529,0.004171633992781227,3379.854554239543,560.7261648188008,0.30384484657860433,0.11249332637288896
healthy,memantine,150,20,6.445,1.4110373190633456,160.8199693994737,39.626861506442616,6.56037327198926,0.19369250192553158,0.13497261023809115,0.015835585558758643,-0.5641557142857199,0.005938229632935195,0.0744228846153862,0.003297622010386867,2483.9713114515544,476.7115012390705,0.4136920698299541,0.10848753892702204
healthy,memantine,175,20,5.355,1.0535528862902548,191.92390849893766,42.55880523577043,6.678515612959324,0.11199305381852356,0.12292094605788331,0.01427550856186386,-0.5673844196428627,0.0035745931021745948,0.07565307692307856,0.0018948029202292514,1786.9382991641392,360.09687277699305,0.5132330191804538,0.07681894954914731
healthy,memantine,200,20,4.225,0.7099851740483184,241.90961084779389,50.151071929353336,6.766200953930126,0.058480457488431545,0.10887554021647487,0.009410504918453808,-0.5671809821428627,0.004206039594905624,0.07627903846154013,0.0010737753846906054,1215.5754373498908,242.07619152802047,0.614781112211998,0.05456461191707508
healthy,memantine,250,20,2.83,0.584987629198934,367.813811966081,91.06550283963884,6.7996872080008695,0.03984421744805292,0.08841957041903095,0.014399538055627801,-0.5665972410714343,0.003927857058885404,0.0752526923076938,0.0016416232727978332,515.3800652176977,162.45629494607098,0.7415385869183891,0.04995981772881229
healthy,memantine,350,20,0.975,0.22912878474779197,887.3485345210345,261.5368481343562,6.774781173831115,0.043334699891875855,0.050650110750070865,0.012224324838697289,-0.5685939732142917,0.003160150035588751,0.0712928846153855,0.0016713271016166647,59.414534052600146,19.95677325865046,0.9105395838485177,0.021858190949359185
healthy,memantine,500,20,0.5,0.1486783883350056,1114.6451785714285,772.9288450379227,6.722008943644544,0.02836400380791231,0.04111343711424567,0.005786493113031932,-0.5697719732142917,0.0029968596566529474,0.0676440384615392,0.0009630914382047458,14.686550320200823,2.3300786610831463,0.9541786370191256,0.01358013611100077
healthy,diazepam,0,20,10.965,0.9056983348136456,90.79352731838934,10.504228190537152,6.071527976733368,0.13996406855179605,0.1982168853805071,0.03223095594959835,-0.5492502500000052,0.0054811712238075445,0.07615576923077012,0.006279593221764395,15592.562315874038,2723.8886579053,0.0,0.0
healthy,diazepam,2.5,20,10.65,0.9213833992541067,93.53381659694898,10.742273886774571,6.150336750488166,0.13581208615140933,0.1996841552278035,0.032448723621495715,-0.8654009142045331,0.015096201234246475,0.07756750000000091,0.006271813441220985,15698.745760360276,2647.1669911890176,0.02880304266062315,0.016998526138596513
healthy,diazepam,5,20,10.12,0.8211673334185209,98.33389546267733,10.150277373173122,6.294011286342349,0.09821000748746338,0.20842988751668867,0.025389296273689393,-1.203329989285795,0.024581641402258186,0.08065307692307769,0.004834822012532375,15925.038689904068,2472.77619487542,0.07652526519264469,0.01890044318226914
healthy,diazepam,7.5,20,7.115,4.281327265918215,105.12528226678485,11.457373987472256,6.051551571680759,0.6895274024657598,0.15990539196428552,0.09225665943357499,-1.9281583799449025,0.3769745977823515,0.07168076923076981,0.020422496922923274,11868.637459331447,7234.051194217083,0.3441552426269729,0.39001962739202345
healthy,diazepam,10,20,1.6300000000000001,3.473523919746722,128.29782116581777,41.046552317283044,5.201532970219495,0.5668180660419238,0.045033503245994595,0.07234132948336575,-2.8325080224490238,0.34471398064706765,0.0461728846153849,0.01614153205579884,2750.076947081978,5506.270351252364,0.8529671176001451,0.31318998117830427
healthy,diazepam,12.5,20,1.14,2.9169919618098294,134.474442527634,44.35413561641832,5.129144047717275,0.5048586402668112,0.035607954497663505,0.06352309755124178,-3.4053255321425864,0.3031195593046334,0.04372615384615407,0.014323869201464208,1995.428465279137,4678.705326303101,0.8971277900234322,0.26306328138107493
healthy,diazepam,15,20,0.20500000000000002,0.827472371935033,164.39583333333331,49.64478859580553,4.983172387830925,0.20885460141251314,0.017353061840787706,0.031487766441729924,-3.9956620265625227,0.07130498385007428,0.039231153846154054,0.0062323669541464845,504.5912755879044,1198.3609122261832,0.9813608562691132,0.07587689080584833
healthy,diazepam,20,20,0.19,0.7608167356618529,170.27272727272725,41.33360548208638,4.992836892239505,0.22324071306152202,0.01737068381174899,0.03156459378213108,-4.745161604166672,0.0893625185793864,0.038901538461538654,0.006439641348039052,505.99535729148477,1204.5956766565228,0.982737003058104,0.06975487044470996
healthy,diazepam,30,20,0.18000000000000002,0.716423867479816,174.82258064516128,34.89914113598121,5.006954565610783,0.22670800396113328,0.017364044734646183,0.031560397431654515,-6.698790563636256,0.36500338167876833,0.03804750000000016,0.006617652171750418,498.2271247003853,1169.9823852750205,0.9836544342507645,0.06567687730106159
healthy,diazepam,60,20,0.135,0.537317900609862,250.80978260869566,68.50481239908368,5.038224654157981,0.2518572148401789,0.016890985363818414,0.029676269916546642,-10.912174707142993,0.7173011513663945,0.036492500000000115,0.007148166139478335,464.8392415008459,1027.508352325753,0.9877408256880734,0.04925765797579619
moderate,perampanel,0,20,24.605,1.088927526465713,39.41783480967811,0.8296418813822275,8.00381114064073,0.10323102349132329,1.0958845021486978,0.09642674668639004,-0.4534347857142891,0.006930674399042347,0.1835163461538441,0.009466968412834929,110824.03696269412,16898.894914135693,0.0,0.0
moderate,perampanel,6,20,23.085,1.1855600497566314,40.01058024291461,0.9382355231585604,7.863078304721924,0.08187093181531138,0.9701981041471962,0.06699108810766832,-0.46267167857143215,0.00780943077055716,0.1698363461538441,0.008322713821900642,92085.38204998831,12325.326058839786,0.06074519180149639,0.04997188036749308
moderate,perampanel,8,20,22.695,1.1771844196619055,40.23697927455625,1.0333914798084955,7.832608649373107,0.08056653438601034,0.9363889566964286,0.06787073715995645,-0.4647932410714323,0.007768052307045222,0.16627519230769033,0.008059300079711243,87303.22463638528,12142.667993183355,0.07644376376812614,0.05294353352268679
moderate,perampanel,10,20,22.44,1.0297674750309311,40.46209957288258,0.9436238561375792,7.801224403413276,0.06764179086411903,0.9074304564002006,0.054583251252880736,-0.46671939285714664,0.0070343008697741774,0.16327692307692124,0.006666151711140309,83694.37902226495,9029.79731282833,0.08667140119371881,0.050648760016529536
moderate,perampanel,12,20,21.94,1.1527541391221103,40.90752760098847,1.0137976526477166,7.784029651733674,0.06035214249853195,0.8760304140270366,0.048203190593892255,-0.4689422589285752,0.007161211970188322,0.15978288461538281,0.004935116300336997,79126.44325877418,7807.698659700707,0.10662448570049347,0.06064275482775588
moderate,perampanel,14,20,21.5,1.3082732693777783,41.27206246995598,1.2185435761602281,7.778714198190179,0.05720112517029779,0.8536912289344133,0.05113303105218523,-0.47156840178571807,0.008023218650789782,0.15770057692307515,0.0050487550190410875,76123.05407255195,8127.888682145362,0.12391612816204889,0.07333346832872749
moderate,perampanel,16,20,21.0,1.0187711896407874,41.773926801168976,1.0657327010198343,7.7698011472658965,0.07140972498311535,0.8269391207443265,0.048020767505739734,-0.4743608928571466,0.006315171951551399,0.15475711538461362,0.004551283656934523,72471.33183329,6183.479140256538,0.1441195525014555,0.06727757112855388
moderate,perampanel,18,20,20.805,1.0107188687161963,42.1676969385764,1.094556014186375,7.772013023787988,0.07118839445309502,0.8173034871453612,0.04796160684935138,-0.4753321339285752,0.006015108927282625,0.1537098076923059,0.004466672230462819,71659.7417363369,6114.721875308374,0.1521489195880445,0.06560435375315735
moderate,perampanel,22,20,20.225,0.9629313797489742,43.14112936633337,1.07160192566746,7.808020625314962,0.05675735757171038,0.8075736592414895,0.03919838940736424,-0.4784825089285752,0.00577816720952879,0.15278307692307522,0.004114051280469986,70348.67972508103,4463.328560448937,0.17589630726347902,0.06209691705672962
moderate,memantine,0,20,24.605,1.088927526465713,39.41783480967811,0.8296418813822275,8.00381114064073,0.10323102349132329,1.0958845021486978,0.09642674668639004,-0.4534347857142891,0.006930674399042347,0.1835163461538441,0.009466968412834929,110824.03696269412,16898.894914135693,0.0,0.0
moderate,memantine,50,20,23.97,0.863956626591624,40.450774129192254,0.7109167560731607,7.94956423138075,0.10499714606285361,0.9731643746771564,0.08714095463156468,-0.4562444375000035,0.00623089577739524,0.17786019230769026,0.008867511559078197,61688.81702364426,9000.869965281916,0.02539438160600698,0.014065192842116716
moderate,memantine,100,20,23.32,0.850758175796278,41.58311559193405,0.6647018979204675,7.906987740298599,0.07486225130026902,0.8773278635326863,0.06357971927951864,-0.4571639196428606,0.005533657086968933,0.17248961538461346,0.006787605042824305,37894.84992457392,4757.966076400804,0.05182338750585945,0.014775326164980233
moderate,memantine,125,20,23.14,0.831232439466274,41.90762930672967,0.7091698303848709,7.881922968416725,0.06856406393772314,0.8305775692232371,0.05823367732072501,-0.45776454464286054,0.005558427479919867,0.16971980769230605,0.006061748757500829,30556.008315241266,3570.3169711903506,0.059117827290444985,0.015019720406420248
moderate,memantine,150,20,22.995,0.8009698069084423,42.17240091780272,0.7581064974259404,7.8662376542111145,0.06511492752154548,0.7893687124540492,0.051516011038763264,-0.4589026875000035,0.005532480914023019,0.16752346153846015,0.005733244839304867,24917.4676698618,2650.237341563135,0.06496453318668927,0.015859698657488035
moderate,memantine,175,20,22.84,0.7816312227777579,42.458072052809385,0.695503193665757,7.853173392683218,0.06250993119233607,0.7487346915631423,0.043267019587300865,-0.45981940178571773,0.005579145030546322,0.16546653846153714,0.005243751913722398,20426.9102701189,1979.349204520242,0.07126610055787796,0.014721536802477715
moderate,memantine,200,20,22.725,0.7425950231593619,42.670943998633476,0.6414969394212686,7.829783822619091,0.06976670772607961,0.7122272330508034,0.03942729779740515,-0.46047676785714625,0.005475193016727646,0.16314307692307575,0.005277149786798967,16793.47560656617,1588.6718388547315,0.07589615800466351,0.01454530954282983
moderate,memantine,250,20,22.4,0.8278062320946475,43.300103274087014,0.6779319131389284,7.821750443279706,0.06136630217395068,0.6617463071735188,0.026161426578262027,-0.46193487500000346,0.006464227189714665,0.16029538461538365,0.004072186271245192,11781.258871003858,881.6150487674078,0.08919505619889573,0.0176634275986476
moderate,memantine,350,20,21.095,0.875680186754094,45.97274012886483,0.9359192467446323,7.831392735076084,0.09683644040858566,0.5531107898983261,0.02633210483117264,-0.46788438392857495,0.0061171868110531345,0.1517924999999997,0.004339508637493991,5586.602119397745,249.5932516183972,0.14242611507558692,0.01548554999847736
moderate,memantine,500,20,17.235,0.6690724136719749,56.28726149107001,1.2469898952028937,8.116919602882236,0.04834475049775403,0.4708268766283964,0.02801307722150763,-0.48001008928571803,0.0067094065094652116,0.14529980769230752,0.003725628261181866,1893.2089371773327,231.64544203308643,0.2992231595254839,0.014828871085327247
moderate,diazepam,0,20,24.605,1.088927526465713,39.41783480967811,0.8296418813822275,8.00381114064073,0.10323102349132329,1.0958845021486978,0.09642674668639004,-0.4534347857142891,0.006930674399042347,0.1835163461538441,0.009466968412834929,110824.03696269412,16898.894914135693,0.0,0.0
moderate,diazepam,2.5,20,24.415,1.0261194144111971,39.66829728833857,0.6999969261587082,8.047688413787753,0.10910251898276287,1.104463030386348,0.0998636482720867,-0.6964191039772674,0.010724308120728254,0.1839319230769211,0.00967063809694663,111704.98815252769,17055.144663957835,0.0076185116030923206,0.0047270423846519916
moderate,diazepam,5,20,24.245,1.003926501818052,39.94590560551591,0.6618248548536924,8.094766833734662,0.09338326946718796,1.1140239510680903,0.09034193243188197,-0.9199493017857697,0.01758917356384451,0.18484096153845964,0.008849130398274434,112887.38798854894,15274.634973306896,0.014497206635599391,0.005996919161632492
moderate,diazepam,7.5,20,24.12,0.9367356533251666,40.14968906919689,0.679585108882268,8.130650370661357,0.08742351229359019,1.1192970823723294,0.08782846842485337,-1.1244202259614724,0.023949795610023143,0.18562249999999814,0.008004780014176694,113383.4226230548,14430.712502947159,0.019457831574109352,0.008565340644164178
moderate,diazepam,10,20,24.1,0.9279292169012394,40.1828371854827,0.69305091348608,8.16757359900145,0.0776291615268472,1.133290446829105,0.07597404500728372,-1.3135103158163237,0.02941666660720773,0.18698730769230595,0.007021274240842347,115232.16685547911,13126.125050221235,0.020206705925834196,0.013485645336235762
moderate,diazepam,12.5,20,24.07,0.93926062747024,40.2069816028466,0.7191262714397572,8.196050246990238,0.07502882004592351,1.1396217169100462,0.06918643398404016,-1.482350914285716,0.02956601357819383,0.1877219230769214,0.006673889577043885,116287.56183235998,12255.993558664053,0.021427989670546366,0.014757266662168641
moderate,diazepam,15,20,24.03,0.9279859345576542,40.273393516548694,0.7103522389926816,8.22488846938949,0.07854765414623797,1.1505701480557404,0.06952442481076304,-1.6326599949776894,0.03433364793653938,0.1884892307692291,0.006853035321476634,117768.22387525237,12142.052846339906,0.023035119561986922,0.014997794444674138
moderate,diazepam,20,20,23.845,1.0153946601147128,40.59610546425148,0.8586375475070673,8.293945434352723,0.07741875933657853,1.1566015924440918,0.07196906491685079,-1.928719508333276,0.04592115648452486,0.18945249999999839,0.006578945077701094,118821.66178410483,12236.92123720327,0.03071513807448765,0.014383692383993419
moderate,diazepam,30,20,23.585,0.9258140088308062,41.037833369274324,0.7572036128014862,8.421703314498064,0.09279182734265737,1.1958873882426568,0.0788539763735101,-2.417567690908996,0.06364122199274791,0.1922636538461523,0.007371254938567236,124736.90691624134,13881.988265180073,0.04112608293432446,0.016243766721962524
moderate,diazepam,60,20,22.955,0.9986701684055439,42.174966340558086,0.6934441823835766,8.658072690837027,0.08006981219815784,1.225594047471629,0.0820105344117102,-3.372998012499947,0.07851232995578877,0.1953882692307679,0.007012388876119172,128467.19587657636,14297.773516702931,0.06693737913828507,0.013631578297992419
