pathology_state,drug,concentration_nM,n,healthy_baseline_hz_mean,healthy_baseline_hz_sd,healthy_drug_hz_mean,healthy_drug_hz_sd,pathological_baseline_hz_mean,pathological_baseline_hz_sd,pathological_drug_hz_mean,pathological_drug_hz_sd,pathological_activity_normalization_mean,pathological_activity_normalization_sd,pathological_suppression_fraction_mean,pathological_suppression_fraction_sd,healthy_suppression_fraction_mean,healthy_suppression_fraction_sd,therapeutic_selectivity_index_exploratory_mean,therapeutic_selectivity_index_exploratory_sd
input_hyperexcitable,perampanel,0,20,10.965,0.9056983348136456,10.965,0.9056983348136456,24.605,1.088927526465713,24.605,1.088927526465713,0.0,0.0,0.0,0.0,0.0,0.0,0.0,0.0
input_hyperexcitable,perampanel,6,20,10.965,0.9056983348136456,9.535,1.52704565126673,24.605,1.088927526465713,23.085,1.1855600497566314,0.11017305612654005,0.09057631267644212,0.06074519180149639,0.04997188036749309,0.13104705514272574,0.11416620737093004,0.6778195934260424,0.7809379986600903
input_hyperexcitable,perampanel,8,20,10.965,0.9056983348136456,9.05,1.505253956541623,24.605,1.088927526465713,22.695,1.1771844196619055,0.13826131622798585,0.09537535186048525,0.07644376376812613,0.052943533522686805,0.17391239838965059,0.12221690778156244,0.6793485546317467,0.8141516848828807
input_hyperexcitable,perampanel,10,20,10.965,0.9056983348136456,8.02,1.7288876862245701,24.605,1.088927526465713,22.44,1.0297674750309311,0.15688311118735776,0.09102514211026254,0.08667140119371883,0.05064876001652954,0.2679934824244418,0.14516192715282222,0.4487964639882634,0.48736920838687536
input_hyperexcitable,perampanel,12,20,10.965,0.9056983348136456,5.0200000000000005,3.646425791460945,24.605,1.088927526465713,21.94,1.1527541391221103,0.19324059497288668,0.10920863122597084,0.10662448570049347,0.06064275482775588,0.5401511303234465,0.33038214757619944,0.24217306799763322,0.1727688436387196
input_hyperexcitable,perampanel,14,20,10.965,0.9056983348136456,3.54,3.469930986724603,24.605,1.088927526465713,21.5,1.3082732693777783,0.22378568740963214,0.13037365666609668,0.1239161281620489,0.07333346832872749,0.6730138706642064,0.31778088576376873,0.19743666395788462,0.11987950440758488
input_hyperexcitable,perampanel,16,20,10.965,0.9056983348136456,2.205,3.207634806618668,24.605,1.088927526465713,21.0,1.0187711896407874,0.25937359557324524,0.11945151769231073,0.1441195525014555,0.0672775711285539,0.8023719563498493,0.28679744835209786,0.19687048722933956,0.11238535363913901
input_hyperexcitable,perampanel,18,20,10.965,0.9056983348136456,1.25,2.603337938311627,24.605,1.088927526465713,20.805,1.0107188687161963,0.27428504109296964,0.11673299270248236,0.1521489195880445,0.06560435375315735,0.8884158661060835,0.23231210633481622,0.17345318974939936,0.06648833561324792
input_hyperexcitable,perampanel,22,20,10.965,0.9056983348136456,0.0,0.0,24.605,1.088927526465713,20.225,0.9629313797489742,0.3174203658607225,0.11010635971541266,0.17589630726347902,0.062096917056729636,1.0,0.0,0.1741547596668109,0.06148209609577191
input_hyperexcitable,memantine,0,20,10.965,0.9056983348136456,10.965,0.9056983348136456,24.605,1.088927526465713,24.605,1.088927526465713,0.0,0.0,0.0,0.0,0.0,0.0,0.0,0.0
input_hyperexcitable,memantine,50,20,10.965,0.9056983348136456,10.2,1.23031874346704,24.605,1.088927526465713,23.97,0.863956626591624,0.04539555558951058,0.02464682417208052,0.02539438160600698,0.014065192842116733,0.07213642176127488,0.05412428294910104,0.4565638771715728,0.3734943928635145
input_hyperexcitable,memantine,100,20,10.965,0.9056983348136456,8.755,1.5796318691724547,24.605,1.088927526465713,23.32,0.850758175796278,0.09330219386595986,0.025250570731596013,0.05182338750585946,0.014775326164980226,0.2060565874439043,0.10043752570617061,0.32894960315062366,0.2547197422720017
input_hyperexcitable,memantine,125,20,10.965,0.9056983348136456,7.67,1.5874839410708679,24.605,1.088927526465713,23.14,0.831232439466274,0.10662274833544567,0.025945087311096536,0.05911782729044499,0.015019720406420247,0.30384484657860433,0.11249332637288895,0.21828914068862115,0.10547922751854592
input_hyperexcitable,memantine,150,20,10.965,0.9056983348136456,6.445,1.4110373190633456,24.605,1.088927526465713,22.995,0.8009698069084423,0.11740505786098458,0.028088300113318698,0.06496453318668928,0.015859698657488035,0.4136920698299541,0.10848753892702204,0.16549425215346827,0.06542376747219032
input_hyperexcitable,memantine,175,20,10.965,0.9056983348136456,5.355,1.0535528862902548,24.605,1.088927526465713,22.84,0.7816312227777579,0.12885978223257444,0.026398838405447354,0.07126610055787795,0.01472153680247771,0.5132330191804538,0.0768189495491473,0.1403060949397745,0.03939570783190548
input_hyperexcitable,memantine,200,20,10.965,0.9056983348136456,4.225,0.7099851740483184,24.605,1.088927526465713,22.725,0.7425950231593619,0.13713256880198965,0.025368773328942103,0.0758961580046635,0.01454530954282983,0.614781112211998,0.05456461191707508,0.12250529969164749,0.026956525625814083
input_hyperexcitable,memantine,250,20,10.965,0.9056983348136456,2.83,0.584987629198934,24.605,1.088927526465713,22.4,0.8278062320946475,0.16147509907542806,0.032557080388605185,0.08919505619889571,0.017663427598647603,0.7415385869183891,0.04995981772881229,0.11931112351062097,0.02586781425084162
input_hyperexcitable,memantine,350,20,10.965,0.9056983348136456,0.975,0.22912878474779197,24.605,1.088927526465713,21.095,0.875680186754094,0.2575574705100075,0.029684586017683538,0.14242611507558692,0.015485549998477365,0.9105395838485177,0.021858190949359174,0.1548184940100597,0.017506054461448615
input_hyperexcitable,memantine,500,20,10.965,0.9056983348136456,0.5,0.1486783883350056,24.605,1.088927526465713,17.235,0.6690724136719749,0.5415823834001283,0.037637047513163255,0.2992231595254839,0.014828871085327251,0.9541786370191256,0.01358013611100074,0.3103159037738138,0.014106760244506472
input_hyperexcitable,diazepam,0,20,10.965,0.9056983348136456,10.965,0.9056983348136456,24.605,1.088927526465713,24.605,1.088927526465713,0.0,0.0,0.0,0.0,0.0,0.0,0.0,0.0
input_hyperexcitable,diazepam,2.5,20,10.965,0.9056983348136456,10.65,0.9213833992541067,24.605,1.088927526465713,24.415,1.0261194144111971,0.013720150061539099,0.008484363098786562,0.007618511603092306,0.004727042384651987,0.028803042660623147,0.016998526138596502,0.22525338652999702,0.15190163731126452
input_hyperexcitable,diazepam,5,20,10.965,0.9056983348136456,10.12,0.8211673334185209,24.605,1.088927526465713,24.245,1.003926501818052,0.026025734488733084,0.010444056214026647,0.014497206635599377,0.005996919161632511,0.07652526519264467,0.018900443182269137,0.17328883422586275,0.07460194559494725
input_hyperexcitable,diazepam,7.5,20,10.965,0.9056983348136456,7.115,4.281327265918215,24.605,1.088927526465713,24.12,0.9367356533251666,0.035030136009878775,0.015131101772638782,0.019457831574109352,0.00856534064416418,0.3441552426269729,0.39001962739202345,0.1029353781728077,0.06334512707437354
input_hyperexcitable,diazepam,10,20,10.965,0.9056983348136456,1.6300000000000001,3.473523919746722,24.605,1.088927526465713,24.1,0.9279292169012394,0.03638715297431103,0.02393100548589859,0.02020670592583419,0.013485645336235783,0.8529671176001451,0.31318998117830427,0.022854788723756108,0.0171904340106057
input_hyperexcitable,diazepam,12.5,20,10.965,0.9056983348136456,1.14,2.9169919618098294,24.605,1.088927526465713,24.07,0.93926062747024,0.03852439226861294,0.02620683499547968,0.02142798967054636,0.01475726666216866,0.8971277900234322,0.26306328138107493,0.021809073077331226,0.016189602548758175
input_hyperexcitable,diazepam,15,20,10.965,0.9056983348136456,0.20500000000000002,0.827472371935033,24.605,1.088927526465713,24.03,0.9279859345576542,0.04142233771670801,0.02667050160032972,0.023035119561986922,0.014997794444674134,0.9813608562691132,0.07587689080584833,0.02325994390772713,0.014776739342382694
input_hyperexcitable,diazepam,20,20,10.965,0.9056983348136456,0.19,0.7608167356618529,24.605,1.088927526465713,23.845,1.0153946601147128,0.055487096598200364,0.02597153017119423,0.030715138074487645,0.014383692383993436,0.982737003058104,0.06975487044470999,0.03094144013380972,0.014131842230451044
input_hyperexcitable,diazepam,30,20,10.965,0.9056983348136456,0.18000000000000002,0.716423867479816,24.605,1.088927526465713,23.585,0.9258140088308062,0.07403826692553889,0.028398196008030722,0.04112608293432446,0.016243766721962528,0.9836544342507645,0.06567687730106159,0.041363975145034856,0.015806705723334452
input_hyperexcitable,diazepam,60,20,10.965,0.9056983348136456,0.135,0.537317900609862,24.605,1.088927526465713,22.955,0.9986701684055439,0.12103383795008527,0.024629784712945673,0.06693737913828507,0.0136315782979924,0.9877408256880734,0.04925765797579619,0.06730394681795335,0.014291588247476901
nmda_excitotoxic,perampanel,0,20,10.965,0.9056983348136456,10.965,0.9056983348136456,23.605,5.615905513525144,23.605,5.615905513525144,0.0,0.0,0.0,0.0,0.0,0.0,0.0,0.0
nmda_excitotoxic,perampanel,6,20,10.965,0.9056983348136456,9.535,1.52704565126673,23.605,5.615905513525144,21.085,4.283416614659008,0.17045674057648633,0.15348052097996365,0.09488076897104479,0.09654096609971957,0.13104705514272574,0.11416620737093004,1.1039945864994014,1.8946254449264057
nmda_excitotoxic,perampanel,8,20,10.965,0.9056983348136456,9.05,1.505253956541623,23.605,5.615905513525144,20.605,3.9905777183655746,0.2045325559325175,0.1553265949351623,0.11345071514093834,0.0996774600946043,0.17391239838965059,0.12221690778156244,0.9673135252016632,1.3744253492486191
nmda_excitotoxic,perampanel,10,20,10.965,0.9056983348136456,8.02,1.7288876862245701,23.605,5.615905513525144,19.95,2.1634524066383976,0.2152306027527156,0.28132300870243016,0.12671919602705267,0.15816428249858508,0.2679934824244418,0.14516192715282222,0.8440053553422615,1.7545027836219034
nmda_excitotoxic,perampanel,12,20,10.965,0.9056983348136456,5.0200000000000005,3.646425791460945,23.605,5.615905513525144,15.5,6.045877238163819,0.4081004762741859,0.25043647350052717,0.3309394413572613,0.2650885860924959,0.5401511303234465,0.33038214757619944,0.6678651857779501,0.7255948124315754
nmda_excitotoxic,perampanel,14,20,10.965,0.9056983348136456,3.54,3.469930986724603,23.605,5.615905513525144,13.35,6.915010370278026,0.4479891271227449,0.2169166354581217,0.42375529427134856,0.2891170352577135,0.6730138706642064,0.31778088576376873,0.5928800603568103,0.29343559008390485
nmda_excitotoxic,perampanel,16,20,10.965,0.9056983348136456,2.205,3.207634806618668,23.605,5.615905513525144,10.504999999999999,6.430967431519394,0.5159608316652473,0.2671998426704492,0.5431372547302147,0.2813783089020411,0.8023719563498493,0.28679744835209786,0.6358363551592596,0.24021846488199214
nmda_excitotoxic,perampanel,18,20,10.965,0.9056983348136456,1.25,2.603337938311627,23.605,5.615905513525144,7.445,5.929273941528104,0.4713749332669102,0.36534045684036115,0.6677226929925695,0.26455146337515256,0.8884158661060835,0.23231210633481622,0.7246954566902274,0.21598040705683383
nmda_excitotoxic,perampanel,22,20,10.965,0.9056983348136456,0.0,0.0,23.605,5.615905513525144,3.735,3.5242431064959483,0.3366918791714936,0.4486051770757237,0.8287184395931582,0.16238798200830268,1.0,0.0,0.8205133065278793,0.16078018020624027
nmda_excitotoxic,memantine,0,20,10.965,0.9056983348136456,10.965,0.9056983348136456,23.605,5.615905513525144,23.605,5.615905513525144,0.0,0.0,0.0,0.0,0.0,0.0,0.0,0.0
nmda_excitotoxic,memantine,50,20,10.965,0.9056983348136456,10.2,1.23031874346704,23.605,5.615905513525144,21.78,4.599496539954414,0.11983544333409771,0.1593076694447336,0.06891339928927845,0.08268410955093902,0.07213642176127488,0.05412428294910104,1.3194978281205643,2.1087229249233084
nmda_excitotoxic,memantine,100,20,10.965,0.9056983348136456,8.755,1.5796318691724547,23.605,5.615905513525144,20.9,3.5539451762498353,0.17190816815335674,0.21435649449368996,0.09906397025829852,0.11282673963677936,0.2060565874439043,0.10043752570617061,0.7037494655834401,0.9090054536871134
nmda_excitotoxic,memantine,125,20,10.965,0.9056983348136456,7.67,1.5874839410708679,23.605,5.615905513525144,20.555,3.3720952412097547,0.19583270493957808,0.2167071987971599,0.11252685538565727,0.11645785887386577,0.30384484657860433,0.11249332637288895,0.4376779832572164,0.4492584714466386
nmda_excitotoxic,memantine,150,20,10.965,0.9056983348136456,6.445,1.4110373190633456,23.605,5.615905513525144,20.015,3.2604931819394576,0.24964487017814102,0.15444641029125333,0.13764451955258727,0.09220690337001385,0.4136920698299541,0.10848753892702204,0.3435856014860272,0.24751924474180814
nmda_excitotoxic,memantine,175,20,10.965,0.9056983348136456,5.355,1.0535528862902548,23.605,5.615905513525144,19.535,2.812617249018018,0.2769097034570942,0.17746840719627496,0.15392316494204641,0.11025254360426134,0.5132330191804538,0.0768189495491473,0.2942594385468714,0.21266896430600393
nmda_excitotoxic,memantine,200,20,10.965,0.9056983348136456,4.225,0.7099851740483184,23.605,5.615905513525144,19.33,2.722054177890003,0.29119357601031826,0.18475360749435557,0.16183992951954415,0.11508997858378232,0.614781112211998,0.05456461191707508,0.25802284952889415,0.186067957291748
nmda_excitotoxic,memantine,250,20,10.965,0.9056983348136456,2.83,0.584987629198934,23.605,5.615905513525144,18.65,1.9383932575854244,0.3362046814565751,0.18909395687920816,0.18628553555682176,0.1255139885042986,0.7415385869183891,0.04995981772881229,0.24916580300984317,0.1675324654979388
nmda_excitotoxic,memantine,350,20,10.965,0.9056983348136456,0.975,0.22912878474779197,23.605,5.615905513525144,17.509999999999998,2.011781090947705,0.43984107916457954,0.1689250399879085,0.2365797390956682,0.12011887163853294,0.9105395838485177,0.021858190949359174,0.2572605005509037,0.1318455343001378
nmda_excitotoxic,memantine,500,20,10.965,0.9056983348136456,0.5,0.1486783883350056,23.605,5.615905513525144,16.71,1.7952862255303323,0.5104842162009544,0.14647401496975926,0.2707745405485252,0.11455449555243294,0.9541786370191256,0.01358013611100074,0.2814900930018356,0.12123958589618336
nmda_excitotoxic,diazepam,0,20,10.965,0.9056983348136456,10.965,0.9056983348136456,23.605,5.615905513525144,23.605,5.615905513525144,0.0,0.0,0.0,0.0,0.0,0.0,0.0,0.0
nmda_excitotoxic,diazepam,2.5,20,10.965,0.9056983348136456,10.65,0.9213833992541067,23.605,5.615905513525144,23.565,5.468596952745645,-0.0027137021377125594,0.07258519028450565,0.00019455073885711626,0.03135800725306105,0.028803042660623147,0.016998526138596502,-0.03357239759461651,1.1260140965787349
nmda_excitotoxic,diazepam,5,20,10.965,0.9056983348136456,10.12,0.8211673334185209,23.605,5.615905513525144,23.435,5.406747733400513,0.007829724459682247,0.07018082861445345,0.005511231269693037,0.030777770595338802,0.07652526519264467,0.018900443182269137,0.08003265824969871,0.35587117244111655
nmda_excitotoxic,diazepam,7.5,20,10.965,0.9056983348136456,7.115,4.281327265918215,23.605,5.615905513525144,19.39,9.04764581185858,0.18628113000797414,0.306875187543613,0.17732209997418413,0.30432923292667174,0.3441552426269729,0.39001962739202345,0.25012621821108943,0.3113991020304993
nmda_excitotoxic,diazepam,10,20,10.965,0.9056983348136456,1.6300000000000001,3.473523919746722,23.605,5.615905513525144,10.935,7.744422441174579,0.5615553126060344,0.3570693296502456,0.5261311421451896,0.29322719314850715,0.8529671176001451,0.31318998117830427,0.5408270067471839,0.2629487540936368
nmda_excitotoxic,diazepam,12.5,20,10.965,0.9056983348136456,1.14,2.9169919618098294,23.605,5.615905513525144,9.115,5.534796625370306,0.583640549899605,0.3360634107020418,0.5753610603423672,0.28880206521604046,0.8971277900234322,0.26306328138107493,0.5766902351609389,0.275668467390939
nmda_excitotoxic,diazepam,15,20,10.965,0.9056983348136456,0.20500000000000002,0.827472371935033,23.605,5.615905513525144,7.765,3.7634355804797632,0.64081045530193,0.2824987424662279,0.6390302925027506,0.21614669303915277,0.9813608562691132,0.07587689080584833,0.6314940619229545,0.22090716475611874
nmda_excitotoxic,diazepam,20,20,10.965,0.9056983348136456,0.19,0.7608167356618529,23.605,5.615905513525144,7.715,3.7182728021998264,0.6389202902120601,0.27519170340840055,0.6413690085088809,0.2137277707807714,0.982737003058104,0.06975487044470999,0.6343369863499184,0.2167171047029227
nmda_excitotoxic,diazepam,30,20,10.965,0.9056983348136456,0.18000000000000002,0.716423867479816,23.605,5.615905513525144,6.484999999999999,3.7359244610868894,0.5328763947376534,0.27965195235884915,0.6980495281421096,0.21424901350779416,0.9836544342507645,0.06567687730106159,0.690848681667599,0.2159601316857559
nmda_excitotoxic,diazepam,60,20,10.965,0.9056983348136456,0.135,0.537317900609862,23.605,5.615905513525144,5.865,3.7562964683175286,0.4786609568682605,0.27446422574512513,0.7254010615243827,0.21525133481564118,0.9877408256880734,0.04925765797579619,0.7181667786173983,0.21534925896616136
