drug,concentration_nM,seed,healthy_baseline_hz,healthy_drug_hz,moderate_baseline_hz,moderate_drug_hz,pathological_activity_normalization,pathological_suppression_fraction,healthy_suppression_fraction,therapeutic_selectivity_index_exploratory
perampanel,0,20261200,12.0,12.0,24.1,24.1,0.0,0.0,0.0,0.0
perampanel,0,20261201,10.5,10.5,23.1,23.1,0.0,0.0,0.0,0.0
perampanel,0,20261202,10.8,10.8,25.2,25.2,0.0,0.0,0.0,0.0
perampanel,0,20261203,11.5,11.5,25.3,25.3,0.0,0.0,0.0,0.0
perampanel,0,20261204,11.4,11.4,25.5,25.5,0.0,0.0,0.0,0.0
perampanel,0,20261205,11.0,11.0,25.6,25.6,0.0,0.0,0.0,0.0
perampanel,0,20261206,11.4,11.4,25.6,25.6,0.0,0.0,0.0,0.0
perampanel,0,20261207,11.3,11.3,24.3,24.3,0.0,0.0,0.0,0.0
perampanel,0,20261208,11.1,11.1,22.5,22.5,0.0,0.0,0.0,0.0
perampanel,0,20261209,11.3,11.3,25.2,25.2,0.0,0.0,0.0,0.0
perampanel,0,20261210,11.0,11.0,24.6,24.6,0.0,0.0,0.0,0.0
perampanel,0,20261211,7.4,7.4,22.6,22.6,0.0,0.0,0.0,0.0
perampanel,0,20261212,10.8,10.8,24.6,24.6,0.0,0.0,0.0,0.0
perampanel,0,20261213,11.1,11.1,25.7,25.7,0.0,0.0,0.0,0.0
perampanel,0,20261214,11.5,11.5,25.2,25.2,0.0,0.0,0.0,0.0
perampanel,0,20261215,10.9,10.9,24.4,24.4,0.0,0.0,0.0,0.0
perampanel,0,20261216,11.2,11.2,22.6,22.6,0.0,0.0,0.0,0.0
perampanel,0,20261217,10.7,10.7,24.9,24.9,0.0,0.0,0.0,0.0
perampanel,0,20261218,11.0,11.0,25.6,25.6,0.0,0.0,0.0,0.0
perampanel,0,20261219,11.4,11.4,25.5,25.5,0.0,0.0,0.0,0.0
perampanel,6,20261200,12.0,10.9,24.1,22.4,0.14049586776859524,0.07053941908713704,0.09166666666666663,0.693830351676758
perampanel,6,20261201,10.5,8.0,23.1,22.5,0.04761904761904767,0.025974025974026035,0.23809523809523808,0.10469377072064237
perampanel,6,20261202,10.8,9.4,25.2,23.3,0.1319444444444443,0.07539682539682534,0.12962962962962965,0.5399772641151946
perampanel,6,20261203,11.5,9.2,25.3,24.7,0.0434782608695653,0.0237154150197629,0.20000000000000007,0.11293054771315662
perampanel,6,20261204,11.4,8.1,25.5,20.9,0.3262411347517732,0.18039215686274515,0.2894736842105264,0.602363968434474
perampanel,6,20261205,11.0,8.9,25.6,25.0,0.04109589041095896,0.023437500000000056,0.1909090909090909,0.1166572398190048
perampanel,6,20261206,11.4,9.9,25.6,22.8,0.19718309859154937,0.10937500000000003,0.13157894736842105,0.7725371747211898
perampanel,6,20261207,11.3,11.0,24.3,21.8,0.1923076923076923,0.102880658436214,0.026548672566371743,2.81489452864217
perampanel,6,20261208,11.1,10.7,22.5,22.0,0.04385964912280704,0.022222222222222223,0.03603603603603607,0.48271363339856455
perampanel,6,20261209,11.3,10.7,25.2,22.9,0.16546762589928066,0.0912698412698413,0.05309734513274349,1.4464925755248315
perampanel,6,20261210,11.0,10.3,24.6,22.1,0.18382352941176472,0.1016260162601626,0.06363636363636357,1.3801063936565303
perampanel,6,20261211,7.4,6.2,22.6,22.3,0.019736842105263164,0.013274336283185872,0.16216216216216217,0.07710368013781432
perampanel,6,20261212,10.8,9.7,24.6,23.9,0.050724637681159646,0.02845528455284564,0.10185185185185197,0.25440155063802367
perampanel,6,20261213,11.1,5.6,25.7,22.7,0.20547945205479456,0.11673151750972763,0.4954954954954955,0.23092494107253195
perampanel,6,20261214,11.5,9.7,25.2,24.7,0.03649635036496346,0.01984126984126984,0.15652173913043485,0.11915122881180316
perampanel,6,20261215,10.9,9.8,24.4,23.8,0.04444444444444429,0.024590163934426142,0.10091743119266051,0.2216979213277461
perampanel,6,20261216,11.2,10.8,22.6,22.5,0.008771929824561542,0.004424778761062009,0.03571428571428559,0.09679203539823172
perampanel,6,20261217,10.7,10.3,24.9,24.4,0.035211267605633756,0.020080321285140562,0.03738317757009333,0.42378587327614314
perampanel,6,20261218,11.0,10.6,25.6,24.9,0.047945205479452246,0.02734375000000011,0.0363636363636364,0.589767156862747
perampanel,6,20261219,11.4,10.9,25.5,22.1,0.24113475177304955,0.13333333333333328,0.043859649122807015,2.475570032573289
perampanel,8,20261200,12.0,8.1,24.1,22.2,0.1570247933884299,0.078838174273859,0.325,0.23533783365331043
perampanel,8,20261201,10.5,7.9,23.1,22.5,0.04761904761904767,0.025974025974026035,0.24761904761904757,0.10082339102671845
perampanel,8,20261202,10.8,8.9,25.2,23.1,0.14583333333333315,0.08333333333333325,0.17592592592592596,0.44820717131474047
perampanel,8,20261203,11.5,8.6,25.3,24.7,0.0434782608695653,0.0237154150197629,0.2521739130434783,0.09045680687471751
perampanel,8,20261204,11.4,8.0,25.5,20.9,0.3262411347517732,0.18039215686274515,0.29824561403508776,0.5852221366634304
perampanel,8,20261205,11.0,8.2,25.6,24.7,0.06164383561643849,0.03515625000000008,0.25454545454545463,0.13289304123711368
perampanel,8,20261206,11.4,8.5,25.6,22.5,0.21830985915492962,0.12109375000000006,0.2543859649122807,0.45801882879893846
perampanel,8,20261207,11.3,11.0,24.3,21.4,0.22307692307692328,0.11934156378600831,0.026548672566371743,3.2652776532249193
perampanel,8,20261208,11.1,10.5,22.5,22.0,0.04385964912280704,0.022222222222222223,0.05405405405405402,0.34692920768870156
perampanel,8,20261209,11.3,10.7,25.2,22.6,0.18705035971223005,0.1031746031746031,0.05309734513274349,1.6351655201585034
perampanel,8,20261210,11.0,9.4,24.6,22.0,0.1911764705882354,0.10569105691056915,0.14545454545454542,0.6798839918223748
perampanel,8,20261211,7.4,6.1,22.6,22.4,0.013157894736842257,0.008849557522124019,0.17567567567567577,0.047661372389896435
perampanel,8,20261212,10.8,9.6,24.6,21.3,0.23913043478260876,0.13414634146341464,0.1111111111111112,1.1076303423584688
perampanel,8,20261213,11.1,5.4,25.7,22.5,0.2191780821917808,0.12451361867704278,0.5135135135135135,0.23784222462832127
perampanel,8,20261214,11.5,9.3,25.2,24.7,0.03649635036496346,0.01984126984126984,0.1913043478260869,0.09856354348794955
perampanel,8,20261215,10.9,9.3,24.4,23.2,0.0888888888888888,0.04918032786885243,0.14678899082568803,0.31367207359303195
perampanel,8,20261216,11.2,10.6,22.6,22.5,0.008771929824561542,0.004424778761062009,0.05357142857142854,0.06960326140996423
perampanel,8,20261217,10.7,10.0,24.9,21.9,0.21126760563380287,0.12048192771084339,0.06542056074766349,1.5974679386691764
perampanel,8,20261218,11.0,10.3,25.6,24.8,0.0547945205479452,0.03125000000000003,0.06363636363636357,0.4243827160493835
perampanel,8,20261219,11.4,10.6,25.5,22.0,0.24822695035460995,0.13725490196078433,0.0701754385964913,1.7119320375852736
perampanel,10,20261200,12.0,7.8,24.1,22.2,0.1570247933884299,0.078838174273859,0.35000000000000003,0.2189949285384972
perampanel,10,20261201,10.5,7.4,23.1,22.5,0.04761904761904767,0.025974025974026035,0.2952380952380952,0.08509431286342384
perampanel,10,20261202,10.8,8.7,25.2,22.8,0.16666666666666663,0.09523809523809519,0.19444444444444456,0.4658385093167697
perampanel,10,20261203,11.5,6.2,25.3,22.2,0.2246376811594204,0.12252964426877476,0.4608695652173913,0.2602199278099556
perampanel,10,20261204,11.4,7.6,25.5,20.9,0.3262411347517732,0.18039215686274515,0.33333333333333337,0.5254140491147916
perampanel,10,20261205,11.0,8.3,25.6,24.7,0.06164383561643849,0.03515625000000008,0.2454545454545454,0.13762233096085447
perampanel,10,20261206,11.4,8.4,25.6,22.5,0.21830985915492962,0.12109375000000006,0.2631578947368421,0.4433104527938345
perampanel,10,20261207,11.3,10.7,24.3,21.4,0.22307692307692328,0.11934156378600831,0.05309734513274349,1.89138803756226
perampanel,10,20261208,11.1,10.2,22.5,22.0,0.04385964912280704,0.022222222222222223,0.08108108108108111,0.24398285525881958
perampanel,10,20261209,11.3,9.3,25.2,22.2,0.2158273381294964,0.11904761904761905,0.17699115044247787,0.6366484123228089
perampanel,10,20261210,11.0,5.7,24.6,21.9,0.19852941176470607,0.10975609756097572,0.4818181818181818,0.2231639691627972
perampanel,10,20261211,7.4,5.7,22.6,22.3,0.019736842105263164,0.013274336283185872,0.22972972972972974,0.05537209047101209
perampanel,10,20261212,10.8,9.3,24.6,21.2,0.246376811594203,0.13821138211382122,0.13888888888888887,0.9282854022570083
perampanel,10,20261213,11.1,5.3,25.7,22.3,0.23287671232876705,0.13229571984435792,0.5225225225225225,0.24843215873327237
perampanel,10,20261214,11.5,8.9,25.2,24.5,0.05109489051094884,0.027777777777777752,0.2260869565217391,0.11765909555964794
perampanel,10,20261215,10.9,6.6,24.4,23.2,0.0888888888888888,0.04918032786885243,0.3944954128440368,0.12158438960546414
perampanel,10,20261216,11.2,10.3,22.6,22.0,0.052631578947368585,0.026548672566371743,0.08035714285714274,0.29381930112980625
perampanel,10,20261217,10.7,7.6,24.9,21.7,0.22535211267605626,0.1285140562248996,0.2897196261682243,0.4287809172455334
perampanel,10,20261218,11.0,5.9,25.6,24.3,0.08904109589041098,0.05078125000000003,0.4636363636363636,0.10721569097888682
perampanel,10,20261219,11.4,10.5,25.5,22.0,0.24822695035460995,0.13725490196078433,0.07894736842105265,1.5431024480798234
perampanel,12,20261200,12.0,7.6,24.1,22.0,0.17355371900826455,0.08713692946058096,0.3666666666666667,0.231336980868799
perampanel,12,20261201,10.5,0.0,23.1,22.2,0.07142857142857162,0.03896103896103905,1.0,0.038575286100038665
perampanel,12,20261202,10.8,0.0,25.2,22.4,0.19444444444444453,0.11111111111111115,1.0,0.11001100110011004
perampanel,12,20261203,11.5,6.1,25.3,20.6,0.3405797101449275,0.18577075098814225,0.46956521739130436,0.38737327948570005
perampanel,12,20261204,11.4,0.0,25.5,21.0,0.3191489361702128,0.17647058823529413,1.0,0.17472335468841002
perampanel,12,20261205,11.0,8.3,25.6,24.7,0.06164383561643849,0.03515625000000008,0.2454545454545454,0.13762233096085447
perampanel,12,20261206,11.4,0.0,25.6,19.2,0.45070422535211274,0.25000000000000006,1.0,0.24752475247524758
perampanel,12,20261207,11.3,7.5,24.3,21.2,0.2384615384615386,0.1275720164609054,0.336283185840708,0.3684037275768543
perampanel,12,20261208,11.1,9.9,22.5,21.9,0.052631578947368585,0.02666666666666673,0.10810810810810804,0.22578184591914635
perampanel,12,20261209,11.3,9.1,25.2,22.2,0.2158273381294964,0.11904761904761905,0.19469026548672574,0.5815988306260678
perampanel,12,20261210,11.0,5.7,24.6,21.7,0.2132352941176472,0.1178861788617887,0.4818181818181818,0.23969463354522658
perampanel,12,20261211,7.4,5.2,22.6,22.2,0.026315789473684403,0.01769911504424788,0.2972972972972973,0.05759606478778993
perampanel,12,20261212,10.8,8.8,24.6,21.3,0.23913043478260876,0.13414634146341464,0.18518518518518517,0.6872772712546861
perampanel,12,20261213,11.1,4.8,25.7,22.0,0.2534246575342465,0.14396887159533073,0.5675675675675675,0.24926758301484497
perampanel,12,20261214,11.5,8.8,25.2,22.4,0.2043795620437957,0.11111111111111115,0.23478260869565212,0.45391750542727477
perampanel,12,20261215,10.9,6.4,24.4,23.0,0.10370370370370363,0.057377049180327815,0.4128440366972477,0.13569317337070366
perampanel,12,20261216,11.2,7.3,22.6,21.6,0.08771929824561397,0.04424778761061947,0.3482142857142857,0.12352323560292573
perampanel,12,20261217,10.7,0.0,24.9,21.4,0.24647887323943662,0.14056224899598393,1.0,0.13917054356038014
perampanel,12,20261218,11.0,4.9,25.6,24.0,0.10958904109589052,0.06250000000000006,0.5545454545454546,0.11070853462157819
perampanel,12,20261219,11.4,0.0,25.5,21.8,0.26241134751773043,0.14509803921568626,1.0,0.143661424966026
perampanel,14,20261200,12.0,7.4,24.1,22.0,0.17355371900826455,0.08713692946058096,0.3833333333333333,0.22153456642520586
perampanel,14,20261201,10.5,0.0,23.1,22.1,0.0793650793650793,0.04329004329004329,1.0,0.04286142900004286
perampanel,14,20261202,10.8,0.0,25.2,22.3,0.20138888888888884,0.11507936507936503,1.0,0.11393996542511389
perampanel,14,20261203,11.5,0.0,25.3,20.2,0.36956521739130443,0.20158102766798425,1.0,0.1995851759088953
perampanel,14,20261204,11.4,0.0,25.5,20.8,0.33333333333333326,0.18431372549019606,1.0,0.182488837119006
perampanel,14,20261205,11.0,7.6,25.6,24.7,0.06164383561643849,0.03515625000000008,0.30909090909090914,0.1101762820512823
perampanel,14,20261206,11.4,0.0,25.6,18.8,0.47887323943661975,0.265625,1.0,0.2629950495049505
perampanel,14,20261207,11.3,7.4,24.3,21.0,0.25384615384615394,0.1358024691358025,0.3451327433628319,0.38239917798020634
perampanel,14,20261208,11.1,5.9,22.5,21.8,0.06140350877192979,0.03111111111111108,0.4684684684684684,0.06502228080085351
perampanel,14,20261209,11.3,0.0,25.2,21.9,0.23741007194244612,0.130952380952381,1.0,0.12965582272512968
perampanel,14,20261210,11.0,5.6,24.6,21.6,0.22058823529411764,0.12195121951219512,0.49090909090909096,0.24345978487008096
perampanel,14,20261211,7.4,5.2,22.6,22.1,0.03289473684210531,0.022123893805309734,0.2972972972972973,0.07199508098473703
perampanel,14,20261212,10.8,0.0,24.6,21.1,0.2536231884057971,0.14227642276422764,1.0,0.14086774531111648
perampanel,14,20261213,11.1,4.5,25.7,19.0,0.45890410958904104,0.2607003891050583,0.5945945945945946,0.43119867666013223
perampanel,14,20261214,11.5,8.7,25.2,22.4,0.2043795620437957,0.11111111111111115,0.24347826086956528,0.4383457213645893
perampanel,14,20261215,10.9,5.0,24.4,23.0,0.10370370370370363,0.057377049180327815,0.5412844036697247,0.10407885439600154
perampanel,14,20261216,11.2,8.6,22.6,21.7,0.07894736842105277,0.03982300884955761,0.23214285714285712,0.1644608035084975
perampanel,14,20261217,10.7,0.0,24.9,21.2,0.2605633802816901,0.14859437751004015,1.0,0.1471231460495447
perampanel,14,20261218,11.0,4.9,25.6,20.5,0.34931506849315075,0.19921875000000006,0.5545454545454546,0.35288345410628025
perampanel,14,20261219,11.4,0.0,25.5,21.8,0.26241134751773043,0.14509803921568626,1.0,0.143661424966026
perampanel,16,20261200,12.0,0.0,24.1,21.5,0.2148760330578513,0.10788381742738594,1.0,0.106815660819194
perampanel,16,20261201,10.5,0.0,23.1,21.7,0.11111111111111127,0.0606060606060607,1.0,0.060006000600060096
perampanel,16,20261202,10.8,0.0,25.2,22.2,0.20833333333333337,0.11904761904761905,1.0,0.11786892975011788
perampanel,16,20261203,11.5,0.0,25.3,20.1,0.37681159420289845,0.20553359683794464,1.0,0.20349861073063827
perampanel,16,20261204,11.4,0.0,25.5,20.6,0.34751773049645385,0.192156862745098,1.0,0.19025431954960198
perampanel,16,20261205,11.0,7.4,25.6,21.0,0.31506849315068497,0.17968750000000006,0.3272727272727272,0.5327661725067387
perampanel,16,20261206,11.4,0.0,25.6,18.3,0.5140845070422535,0.28515625,1.0,0.2823329207920792
perampanel,16,20261207,11.3,4.4,24.3,21.0,0.25384615384615394,0.1358024691358025,0.6106194690265486,0.21881761032861374
perampanel,16,20261208,11.1,5.6,22.5,21.8,0.06140350877192979,0.03111111111111108,0.4954954954954955,0.06154577318362734
perampanel,16,20261209,11.3,0.0,25.2,21.7,0.2517985611510791,0.1388888888888889,1.0,0.13751375137513752
perampanel,16,20261210,11.0,5.6,24.6,21.5,0.2279411764705883,0.12601626016260167,0.49090909090909096,0.2515751110324171
perampanel,16,20261211,7.4,0.0,22.6,21.0,0.10526315789473695,0.0707964601769912,1.0,0.07009550512573387
perampanel,16,20261212,10.8,0.0,24.6,21.1,0.2536231884057971,0.14227642276422764,1.0,0.14086774531111648
perampanel,16,20261213,11.1,0.0,25.7,18.7,0.4794520547945206,0.27237354085603116,1.0,0.26967677312478333
perampanel,16,20261214,11.5,8.1,25.2,22.3,0.21167883211678817,0.11507936507936503,0.2956521739130435,0.37650432387274474
perampanel,16,20261215,10.9,4.8,24.4,21.3,0.22962962962962952,0.12704918032786877,0.5596330275229358,0.22303689250664674
perampanel,16,20261216,11.2,8.2,22.6,21.5,0.09649122807017552,0.04867256637168148,0.26785714285714285,0.17517119002661713
perampanel,16,20261217,10.7,0.0,24.9,21.2,0.2605633802816901,0.14859437751004015,1.0,0.1471231460495447
perampanel,16,20261218,11.0,0.0,25.6,20.3,0.363013698630137,0.20703125000000003,1.0,0.20498143564356439
perampanel,16,20261219,11.4,0.0,25.5,21.2,0.3049645390070923,0.1686274509803922,1.0,0.16695787225781406
perampanel,18,20261200,12.0,0.0,24.1,21.2,0.2396694214876035,0.12033195020746897,1.0,0.11914054475987026
perampanel,18,20261201,10.5,0.0,23.1,21.6,0.11904761904761907,0.06493506493506493,1.0,0.06429214350006429
perampanel,18,20261202,10.8,0.0,25.2,22.2,0.20833333333333337,0.11904761904761905,1.0,0.11786892975011788
perampanel,18,20261203,11.5,0.0,25.3,20.0,0.3840579710144928,0.20948616600790515,1.0,0.20741204555238132
perampanel,18,20261204,11.4,0.0,25.5,20.5,0.35460992907801414,0.19607843137254902,1.0,0.1941370607649
perampanel,18,20261205,11.0,0.0,25.6,21.0,0.31506849315068497,0.17968750000000006,1.0,0.1779084158415842
perampanel,18,20261206,11.4,0.0,25.6,18.2,0.5211267605633805,0.28906250000000006,1.0,0.286200495049505
perampanel,18,20261207,11.3,0.0,24.3,20.0,0.3307692307692308,0.1769547325102881,1.0,0.17520270545573077
perampanel,18,20261208,11.1,5.5,22.5,21.4,0.09649122807017552,0.048888888888888954,0.5045045045045045,0.09502130391641873
perampanel,18,20261209,11.3,0.0,25.2,21.7,0.2517985611510791,0.1388888888888889,1.0,0.13751375137513752
perampanel,18,20261210,11.0,5.6,24.6,21.3,0.24264705882352944,0.13414634146341464,0.49090909090909096,0.2678057633570891
perampanel,18,20261211,7.4,0.0,22.6,20.9,0.11184210526315808,0.07522123893805321,1.0,0.0744764741960923
perampanel,18,20261212,10.8,0.0,24.6,21.1,0.2536231884057971,0.14227642276422764,1.0,0.14086774531111648
perampanel,18,20261213,11.1,0.0,25.7,18.5,0.4931506849315068,0.2801556420233463,1.0,0.27738182378549137
perampanel,18,20261214,11.5,6.0,25.2,21.8,0.24817518248175174,0.13492063492063486,0.4782608695652174,0.2763289940493857
perampanel,18,20261215,10.9,0.0,24.4,21.1,0.24444444444444424,0.13524590163934416,1.0,0.13390683330628134
perampanel,18,20261216,11.2,7.9,22.6,21.3,0.11403508771929827,0.05752212389380534,0.29464285714285704,0.18881822614613716
perampanel,18,20261217,10.7,0.0,24.9,21.0,0.27464788732394363,0.15662650602409633,1.0,0.15507574853870923
perampanel,18,20261218,11.0,0.0,25.6,20.3,0.363013698630137,0.20703125000000003,1.0,0.20498143564356439
perampanel,18,20261219,11.4,0.0,25.5,21.0,0.3191489361702128,0.17647058823529413,1.0,0.17472335468841002
perampanel,22,20261200,12.0,0.0,24.1,20.9,0.2644628099173556,0.13278008298755198,1.0,0.1314654287005465
perampanel,22,20261201,10.5,0.0,23.1,21.4,0.1349206349206351,0.07359307359307371,1.0,0.07286442930007297
perampanel,22,20261202,10.8,0.0,25.2,20.9,0.29861111111111116,0.17063492063492067,1.0,0.16894546597516896
perampanel,22,20261203,11.5,0.0,25.3,19.9,0.39130434782608714,0.21343873517786568,1.0,0.21132548037412444
perampanel,22,20261204,11.4,0.0,25.5,20.0,0.3900709219858156,0.21568627450980393,1.0,0.21355076684139004
perampanel,22,20261205,11.0,0.0,25.6,20.7,0.3356164383561645,0.19140625000000008,1.0,0.18951113861386146
perampanel,22,20261206,11.4,0.0,25.6,18.0,0.5352112676056339,0.29687500000000006,1.0,0.2939356435643565
perampanel,22,20261207,11.3,0.0,24.3,19.4,0.37692307692307714,0.2016460905349795,1.0,0.19964959458908862
perampanel,22,20261208,11.1,0.0,22.5,20.5,0.17543859649122806,0.08888888888888889,1.0,0.08800880088008801
perampanel,22,20261209,11.3,0.0,25.2,21.0,0.302158273381295,0.16666666666666663,1.0,0.165016501650165
perampanel,22,20261210,11.0,0.0,24.6,20.3,0.3161764705882353,0.17479674796747968,1.0,0.17306608709651453
perampanel,22,20261211,7.4,0.0,22.6,20.5,0.13815789473684215,0.09292035398230095,1.0,0.0920003504775257
perampanel,22,20261212,10.8,0.0,24.6,20.6,0.28985507246376807,0.16260162601626016,1.0,0.16099170892699025
perampanel,22,20261213,11.1,0.0,25.7,18.3,0.5068493150684931,0.28793774319066145,1.0,0.28508687444619946
perampanel,22,20261214,11.5,0.0,25.2,21.6,0.2627737226277371,0.14285714285714277,1.0,0.14144271570014136
perampanel,22,20261215,10.9,0.0,24.4,18.7,0.4222222222222223,0.23360655737704916,1.0,0.2312936211653952
perampanel,22,20261216,11.2,0.0,22.6,20.7,0.16666666666666685,0.08407079646017708,1.0,0.083238412336809
perampanel,22,20261217,10.7,0.0,24.9,20.6,0.3028169014084505,0.17269076305220873,1.0,0.17098095351703835
perampanel,22,20261218,11.0,0.0,25.6,20.0,0.38356164383561653,0.21875000000000006,1.0,0.21658415841584164
perampanel,22,20261219,11.4,0.0,25.5,20.5,0.35460992907801414,0.19607843137254902,1.0,0.1941370607649
memantine,0,20261200,12.0,12.0,24.1,24.1,0.0,0.0,0.0,0.0
memantine,0,20261201,10.5,10.5,23.1,23.1,0.0,0.0,0.0,0.0
memantine,0,20261202,10.8,10.8,25.2,25.2,0.0,0.0,0.0,0.0
memantine,0,20261203,11.5,11.5,25.3,25.3,0.0,0.0,0.0,0.0
memantine,0,20261204,11.4,11.4,25.5,25.5,0.0,0.0,0.0,0.0
memantine,0,20261205,11.0,11.0,25.6,25.6,0.0,0.0,0.0,0.0
memantine,0,20261206,11.4,11.4,25.6,25.6,0.0,0.0,0.0,0.0
memantine,0,20261207,11.3,11.3,24.3,24.3,0.0,0.0,0.0,0.0
memantine,0,20261208,11.1,11.1,22.5,22.5,0.0,0.0,0.0,0.0
memantine,0,20261209,11.3,11.3,25.2,25.2,0.0,0.0,0.0,0.0
memantine,0,20261210,11.0,11.0,24.6,24.6,0.0,0.0,0.0,0.0
memantine,0,20261211,7.4,7.4,22.6,22.6,0.0,0.0,0.0,0.0
memantine,0,20261212,10.8,10.8,24.6,24.6,0.0,0.0,0.0,0.0
memantine,0,20261213,11.1,11.1,25.7,25.7,0.0,0.0,0.0,0.0
memantine,0,20261214,11.5,11.5,25.2,25.2,0.0,0.0,0.0,0.0
memantine,0,20261215,10.9,10.9,24.4,24.4,0.0,0.0,0.0,0.0
memantine,0,20261216,11.2,11.2,22.6,22.6,0.0,0.0,0.0,0.0
memantine,0,20261217,10.7,10.7,24.9,24.9,0.0,0.0,0.0,0.0
memantine,0,20261218,11.0,11.0,25.6,25.6,0.0,0.0,0.0,0.0
memantine,0,20261219,11.4,11.4,25.5,25.5,0.0,0.0,0.0,0.0
memantine,50,20261200,12.0,11.5,24.1,23.8,0.024793388429752095,0.012448132780083016,0.041666666666666664,0.24093160219515516
memantine,50,20261201,10.5,9.3,23.1,22.6,0.03968253968253965,0.021645021645021644,0.11428571428571421,0.17415534656913978
memantine,50,20261202,10.8,9.6,25.2,23.8,0.0972222222222221,0.055555555555555504,0.1111111111111112,0.4587155963302745
memantine,50,20261203,11.5,11.3,25.3,24.7,0.0434782608695653,0.0237154150197629,0.017391304347826025,0.8658008658008698
memantine,50,20261204,11.4,10.9,25.5,24.5,0.07092198581560283,0.0392156862745098,0.043859649122807015,0.7281088331097911
memantine,50,20261205,11.0,9.4,25.6,24.8,0.0547945205479452,0.03125000000000003,0.14545454545454542,0.20102339181286571
memantine,50,20261206,11.4,11.1,25.6,24.7,0.06338028169014098,0.03515625000000008,0.02631578947368427,0.9680706521739136
memantine,50,20261207,11.3,11.1,24.3,23.9,0.030769230769230882,0.016460905349794327,0.01769911504424788,0.5942754966539147
memantine,50,20261208,11.1,10.7,22.5,22.4,0.008771929824561542,0.004444444444444508,0.03603603603603607,0.09654272667971428
memantine,50,20261209,11.3,10.8,25.2,24.7,0.03597122302158273,0.01984126984126984,0.04424778761061947,0.36575260881949295
memantine,50,20261210,11.0,10.4,24.6,24.2,0.02941176470588247,0.0162601626016261,0.054545454545454515,0.2519180121378693
memantine,50,20261211,7.4,6.3,22.6,22.2,0.026315789473684403,0.01769911504424788,0.1486486486486487,0.11156171322609391
memantine,50,20261212,10.8,8.9,24.6,24.2,0.02898550724637694,0.0162601626016261,0.17592592592592596,0.08745505781751088
memantine,50,20261213,11.1,10.1,25.7,24.9,0.0547945205479452,0.03112840466926073,0.0900900900900901,0.3110038630322179
memantine,50,20261214,11.5,11.3,25.2,24.4,0.058394160583941646,0.03174603174603177,0.017391304347826025,1.1589821113630674
memantine,50,20261215,10.9,9.2,24.4,24.2,0.014814814814814725,0.00819672131147538,0.15596330275229367,0.04938875748760729
memantine,50,20261216,11.2,11.0,22.6,22.5,0.008771929824561542,0.004424778761062009,0.017857142857142794,0.15883821193555966
memantine,50,20261217,10.7,9.5,24.9,23.8,0.07746478873239426,0.044176706827309155,0.11214953271028032,0.3616608745617507
memantine,50,20261218,11.0,10.4,25.6,24.5,0.07534246575342474,0.042968750000000056,0.054545454545454515,0.6657130281690152
memantine,50,20261219,11.4,11.2,25.5,24.6,0.06382978723404242,0.03529411764705877,0.0175438596491229,1.2813787935556324
memantine,100,20261200,12.0,11.0,24.1,23.2,0.0743801652892564,0.03734439834024905,0.08333333333333333,0.4001185536455256
memantine,100,20261201,10.5,7.1,23.1,22.0,0.08730158730158744,0.04761904761904768,0.3238095238095238,0.1426533523537805
memantine,100,20261202,10.8,7.8,25.2,23.2,0.13888888888888895,0.07936507936507936,0.27777777777777785,0.2757859900717043
memantine,100,20261203,11.5,10.8,25.3,24.1,0.08695652173913038,0.04743083003952566,0.060869565217391244,0.6692693809258228
memantine,100,20261204,11.4,9.6,25.5,23.6,0.13475177304964525,0.07450980392156857,0.1578947368421053,0.4437888007867719
memantine,100,20261205,11.0,8.3,25.6,24.0,0.10958904109589052,0.06250000000000006,0.2454545454545454,0.24466192170818535
memantine,100,20261206,11.4,10.7,25.6,23.7,0.1338028169014086,0.07421875000000008,0.06140350877192992,1.0394272113022112
memantine,100,20261207,11.3,10.1,24.3,23.3,0.07692307692307687,0.0411522633744856,0.10619469026548681,0.35416647077813174
memantine,100,20261208,11.1,8.8,22.5,21.8,0.06140350877192979,0.03111111111111108,0.20720720720720712,0.14323240702336504
memantine,100,20261209,11.3,8.9,25.2,23.9,0.09352517985611519,0.05158730158730162,0.21238938053097348,0.23196836766275694
memantine,100,20261210,11.0,8.4,24.6,23.6,0.07352941176470584,0.04065040650406504,0.23636363636363633,0.1650016500165002
memantine,100,20261211,7.4,4.9,22.6,21.6,0.06578947368421051,0.04424778761061947,0.33783783783783783,0.12720809180986173
memantine,100,20261212,10.8,6.2,24.6,23.7,0.065217391304348,0.036585365853658625,0.42592592592592593,0.08392564809250491
memantine,100,20261213,11.1,8.3,25.7,24.0,0.11643835616438347,0.06614785992217896,0.2522522522522522,0.2522299021422833
memantine,100,20261214,11.5,9.5,25.2,24.0,0.08759124087591241,0.047619047619047596,0.17391304347826086,0.2589215355172801
memantine,100,20261215,10.9,7.8,24.4,23.6,0.05925925925925901,0.03278688524590152,0.28440366972477066,0.11136710787794533
memantine,100,20261216,11.2,9.3,22.6,21.7,0.07894736842105277,0.03982300884955761,0.16964285714285704,0.22167877689614587
memantine,100,20261217,10.7,8.2,24.9,23.2,0.11971830985915488,0.06827309236947789,0.23364485981308414,0.28021560734691725
memantine,100,20261218,11.0,8.6,25.6,24.1,0.10273972602739723,0.05859375,0.21818181818181823,0.256785358565737
memantine,100,20261219,11.4,10.8,25.5,24.1,0.09929078014184389,0.05490196078431367,0.05263157894736839,0.8765859284890423
memantine,125,20261200,12.0,9.9,24.1,23.0,0.09090909090909105,0.04564315352697101,0.17499999999999996,0.24671974879443792
memantine,125,20261201,10.5,6.0,23.1,22.0,0.08730158730158744,0.04761904761904768,0.42857142857142855,0.10857763300760058
memantine,125,20261202,10.8,6.3,25.2,22.9,0.15972222222222232,0.0912698412698413,0.41666666666666674,0.21391369047619052
memantine,125,20261203,11.5,9.7,25.3,23.7,0.11594202898550732,0.06324110671936764,0.15652173913043485,0.37977688108236424
memantine,125,20261204,11.4,9.2,25.5,23.6,0.13475177304964525,0.07450980392156857,0.19298245614035098,0.36707509278560124
memantine,125,20261205,11.0,7.6,25.6,23.9,0.1164383561643837,0.06640625000000011,0.30909090909090914,0.2081107549857553
memantine,125,20261206,11.4,9.5,25.6,23.5,0.1478873239436621,0.08203125000000006,0.16666666666666669,0.4643278301886795
memantine,125,20261207,11.3,9.1,24.3,23.1,0.0923076923076922,0.049382716049382686,0.19469026548672574,0.24125581122266498
memantine,125,20261208,11.1,7.7,22.5,21.7,0.07017543859649134,0.03555555555555559,0.3063063063063063,0.11240862052596612
memantine,125,20261209,11.3,7.7,25.2,23.5,0.12230215827338131,0.06746031746031743,0.31858407079646023,0.20530611023473924
memantine,125,20261210,11.0,8.1,24.6,23.4,0.0882352941176473,0.04878048780487816,0.26363636363636367,0.17826756340653147
memantine,125,20261211,7.4,4.8,22.6,21.5,0.07236842105263164,0.04867256637168148,0.3513513513513514,0.134695957797473
memantine,125,20261212,10.8,5.1,24.6,23.7,0.065217391304348,0.036585365853658625,0.5277777777777778,0.06803063898407595
memantine,125,20261213,11.1,7.8,25.7,23.8,0.13013698630136972,0.07392996108949411,0.2972972972972973,0.2405812278198137
memantine,125,20261214,11.5,8.9,25.2,23.8,0.10218978102189769,0.055555555555555504,0.2260869565217391,0.2353181911192959
memantine,125,20261215,10.9,5.4,24.4,23.3,0.08148148148148138,0.04508196721311467,0.5045871559633027,0.08760803041949544
memantine,125,20261216,11.2,6.9,22.6,21.4,0.10526315789473706,0.05309734513274349,0.38392857142857134,0.13478927141584932
memantine,125,20261217,10.7,7.3,24.9,23.1,0.12676056338028152,0.07228915662650591,0.3177570093457944,0.2205571645006026
memantine,125,20261218,11.0,6.9,25.6,24.0,0.10958904109589052,0.06250000000000006,0.3727272727272727,0.16330166270783864
memantine,125,20261219,11.4,9.5,25.5,23.9,0.11347517730496459,0.06274509803921574,0.16666666666666669,0.35516093229744755
memantine,150,20261200,12.0,8.3,24.1,22.8,0.1074380165289257,0.05394190871369297,0.3083333333333333,0.1694510221372554
memantine,150,20261201,10.5,5.7,23.1,21.9,0.09523809523809545,0.05194805194805207,0.45714285714285713,0.11120378092855183
memantine,150,20261202,10.8,4.8,25.2,22.9,0.15972222222222232,0.0912698412698413,0.5555555555555556,0.16138085882683137
memantine,150,20261203,11.5,7.9,25.3,23.6,0.12318840579710144,0.06719367588932804,0.31304347826086953,0.20800195766548385
memantine,150,20261204,11.4,8.3,25.5,23.4,0.14893617021276606,0.08235294117647064,0.27192982456140347,0.29210439620776774
memantine,150,20261205,11.0,5.6,25.6,23.8,0.12328767123287676,0.07031250000000003,0.49090909090909096,0.1403697822141561
memantine,150,20261206,11.4,7.6,25.6,23.5,0.1478873239436621,0.08203125000000006,0.33333333333333337,0.23892597087378653
memantine,150,20261207,11.3,7.6,24.3,22.9,0.10769230769230786,0.05761316872427992,0.32743362831858414,0.17073926215168186
memantine,150,20261208,11.1,6.6,22.5,21.7,0.07017543859649134,0.03555555555555559,0.40540540540540543,0.08559242391382933
memantine,150,20261209,11.3,7.3,25.2,23.3,0.13669064748201432,0.07539682539682534,0.3539823008849558,0.20714420787360227
memantine,150,20261210,11.0,7.3,24.6,23.2,0.10294117647058842,0.05691056910569114,0.33636363636363636,0.16430872970147048
memantine,150,20261211,7.4,4.6,22.6,21.6,0.06578947368421051,0.04424778761061947,0.37837837837837845,0.11392958535789283
memantine,150,20261212,10.8,4.1,24.6,23.5,0.07971014492753636,0.0447154471544716,0.6203703703703705,0.07093519818864472
memantine,150,20261213,11.1,6.5,25.7,23.8,0.13013698630136972,0.07392996108949411,0.4144144144144144,0.17419286098352466
memantine,150,20261214,11.5,6.2,25.2,23.7,0.10948905109489049,0.05952380952380953,0.4608695652173913,0.12641252253440619
memantine,150,20261215,10.9,4.1,24.4,23.3,0.08148148148148138,0.04508196721311467,0.6238532110091743,0.0711236709542553
memantine,150,20261216,11.2,6.2,22.6,21.1,0.13157894736842102,0.0663716814159292,0.4464285714285714,0.1454152644480452
memantine,150,20261217,10.7,6.0,24.9,22.8,0.14788732394366177,0.08433734939759029,0.43925233644859807,0.18772823768550367
memantine,150,20261218,11.0,5.5,25.6,23.6,0.136986301369863,0.078125,0.5,0.15318627450980393
memantine,150,20261219,11.4,8.7,25.5,23.5,0.14184397163120566,0.0784313725490196,0.236842105263158,0.31773903591287245
memantine,175,20261200,12.0,6.9,24.1,22.7,0.11570247933884314,0.05809128630705403,0.425,0.13354318691276787
memantine,175,20261201,10.5,5.0,23.1,21.7,0.11111111111111127,0.0606060606060607,0.5238095238095238,0.11353499310680415
memantine,175,20261202,10.8,4.5,25.2,22.9,0.15972222222222232,0.0912698412698413,0.5833333333333334,0.15382557517388984
memantine,175,20261203,11.5,5.8,25.3,23.4,0.13768115942029002,0.07509881422924909,0.4956521739130435,0.14851872117564308
memantine,175,20261204,11.4,6.3,25.5,23.3,0.15602836879432624,0.08627450980392154,0.44736842105263164,0.1886324149913129
memantine,175,20261205,11.0,4.8,25.6,23.5,0.1438356164383563,0.08203125000000006,0.5636363636363636,0.1430021790808242
memantine,175,20261206,11.4,6.9,25.6,23.4,0.15492957746478897,0.08593750000000011,0.39473684210526316,0.2123293237971394
memantine,175,20261207,11.3,5.8,24.3,22.9,0.10769230769230786,0.05761316872427992,0.4867256637168142,0.11598589107150598
memantine,175,20261208,11.1,4.7,22.5,21.6,0.07894736842105254,0.03999999999999994,0.5765765765765766,0.06819228997081851
memantine,175,20261209,11.3,6.4,25.2,23.2,0.14388489208633093,0.07936507936507936,0.4336283185840708,0.1788999395223213
memantine,175,20261210,11.0,6.5,24.6,22.9,0.12500000000000022,0.06910569105691068,0.4090909090909091,0.1648942736715873
memantine,175,20261211,7.4,3.4,22.6,21.5,0.07236842105263164,0.04867256637168148,0.5405405405405405,0.08840868707669194
memantine,175,20261212,10.8,4.0,24.6,23.2,0.10144927536231896,0.05691056910569114,0.6296296296296297,0.08897425395794213
memantine,175,20261213,11.1,5.8,25.7,23.6,0.14383561643835607,0.08171206225680926,0.4774774774774775,0.16762223083544311
memantine,175,20261214,11.5,5.1,25.2,23.3,0.13868613138686126,0.07539682539682534,0.5565217391304348,0.13308725895065102
memantine,175,20261215,10.9,3.8,24.4,23.1,0.0962962962962961,0.05327868852459005,0.6513761467889908,0.08055731792454315
memantine,175,20261216,11.2,5.7,22.6,20.9,0.1491228070175441,0.07522123893805321,0.49107142857142855,0.1501207904679608
memantine,175,20261217,10.7,5.5,24.9,22.8,0.14788732394366177,0.08433734939759029,0.4859813084112149,0.17004138657513024
memantine,175,20261218,11.0,4.0,25.6,23.6,0.136986301369863,0.078125,0.6363636363636364,0.12086849507735584
memantine,175,20261219,11.4,6.2,25.5,23.3,0.15602836879432624,0.08627450980392154,0.45614035087719296,0.18508268945515724
memantine,200,20261200,12.0,4.8,24.1,22.7,0.11570247933884314,0.05809128630705403,0.6,0.09523161689680988
memantine,200,20261201,10.5,4.0,23.1,21.6,0.11904761904761907,0.06493506493506493,0.6190476190476191,0.10322758241001995
memantine,200,20261202,10.8,4.3,25.2,22.9,0.15972222222222232,0.0912698412698413,0.6018518518518519,0.1491698374264961
memantine,200,20261203,11.5,4.8,25.3,23.3,0.14492753623188404,0.07905138339920949,0.5826086956521739,0.13339558460614953
memantine,200,20261204,11.4,5.1,25.5,23.3,0.15602836879432624,0.08627450980392154,0.5526315789473685,0.1533410370696454
memantine,200,20261205,11.0,4.0,25.6,23.1,0.17123287671232879,0.09765625,0.6363636363636364,0.1510856188466948
memantine,200,20261206,11.4,4.5,25.6,23.3,0.1619718309859155,0.08984375000000003,0.6052631578947368,0.14602491445680074
memantine,200,20261207,11.3,4.6,24.3,22.8,0.11538461538461542,0.06172839506172839,0.5929203539823009,0.10238233732533844
memantine,200,20261208,11.1,4.5,22.5,21.4,0.09649122807017552,0.048888888888888954,0.5945945945945946,0.08086226593155527
memantine,200,20261209,11.3,4.7,25.2,23.1,0.15107913669064732,0.08333333333333325,0.584070796460177,0.1402750881374446
memantine,200,20261210,11.0,4.4,24.6,22.9,0.12500000000000022,0.06910569105691068,0.6,0.11328801812608309
memantine,200,20261211,7.4,3.1,22.6,21.4,0.07894736842105277,0.05309734513274349,0.5810810810810811,0.08983089940153217
memantine,200,20261212,10.8,2.6,24.6,23.0,0.11594202898550732,0.06504065040650411,0.7592592592592593,0.08454971405756433
memantine,200,20261213,11.1,5.3,25.7,23.3,0.1643835616438355,0.09338521400778205,0.5225225225225225,0.1753638767528981
memantine,200,20261214,11.5,4.0,25.2,23.2,0.14598540145985406,0.07936507936507936,0.6521739130434783,0.11985533981594387
memantine,200,20261215,10.9,3.5,24.4,22.8,0.11851851851851836,0.0655737704918032,0.6788990825688074,0.09518632286065452
memantine,200,20261216,11.2,4.9,22.6,21.0,0.14035087719298256,0.0707964601769912,0.5624999999999999,0.12366193917378379
memantine,200,20261217,10.7,3.2,24.9,22.8,0.14788732394366177,0.08433734939759029,0.7009345794392523,0.11862884692444013
memantine,200,20261218,11.0,3.7,25.6,23.5,0.1438356164383563,0.08203125000000006,0.6636363636363636,0.12177378542510131
memantine,200,20261219,11.4,4.5,25.5,23.1,0.17021276595744672,0.09411764705882347,0.6052631578947368,0.15297136818799367
memantine,250,20261200,12.0,3.4,24.1,22.5,0.1322314049586778,0.06639004149377599,0.7166666666666667,0.0913624424226275
memantine,250,20261201,10.5,2.8,23.1,21.4,0.1349206349206351,0.07359307359307371,0.7333333333333334,0.09900413487857448
memantine,250,20261202,10.8,3.6,25.2,22.6,0.18055555555555547,0.1031746031746031,0.6666666666666667,0.15247478301665482
memantine,250,20261203,11.5,2.9,25.3,22.8,0.1811594202898551,0.09881422924901186,0.7478260869565218,0.1303916966567569
memantine,250,20261204,11.4,3.5,25.5,23.2,0.16312056737588654,0.09019607843137258,0.6929824561403509,0.12830487822780726
memantine,250,20261205,11.0,3.4,25.6,22.6,0.20547945205479445,0.1171875,0.6909090909090909,0.16719357976653695
memantine,250,20261206,11.4,2.8,25.6,22.8,0.19718309859154937,0.10937500000000003,0.7543859649122808,0.14308870782648614
memantine,250,20261207,11.3,2.7,24.3,22.8,0.11538461538461542,0.06172839506172839,0.7610619469026549,0.08005633699042015
memantine,250,20261208,11.1,3.0,22.5,20.8,0.14912280701754377,0.07555555555555553,0.7297297297297297,0.10213940648723253
memantine,250,20261209,11.3,2.7,25.2,22.6,0.18705035971223005,0.1031746031746031,0.7610619469026549,0.13380844896970215
memantine,250,20261210,11.0,3.1,24.6,22.9,0.12500000000000022,0.06910569105691068,0.7181818181818183,0.09490169808065137
memantine,250,20261211,7.4,2.2,22.6,21.2,0.09210526315789491,0.061946902654867346,0.7027027027027027,0.0869182934482401
memantine,250,20261212,10.8,1.6,24.6,22.8,0.13043478260869568,0.0731707317073171,0.8518518518518519,0.08489943085937093
memantine,250,20261213,11.1,1.7,25.7,23.1,0.17808219178082174,0.1011673151750972,0.8468468468468469,0.11806930905725779
memantine,250,20261214,11.5,2.9,25.2,23.0,0.16058394160583933,0.08730158730158727,0.7478260869565218,0.1152000291415093
memantine,250,20261215,10.9,2.4,24.4,22.5,0.1407407407407406,0.07786885245901634,0.7798165137614679,0.09859106653540227
memantine,250,20261216,11.2,2.8,22.6,20.2,0.21052631578947378,0.10619469026548681,0.7499999999999999,0.13972985561248266
memantine,250,20261217,10.7,2.2,24.9,22.3,0.18309859154929564,0.10441767068273085,0.7943925233644861,0.1298093500993633
memantine,250,20261218,11.0,3.2,25.6,23.1,0.17123287671232879,0.09765625,0.7090909090909091,0.13580515170670038
memantine,250,20261219,11.4,3.7,25.5,22.8,0.1914893617021276,0.10588235294117644,0.6754385964912281,0.15447387042864236
memantine,350,20261200,12.0,1.0,24.1,21.0,0.25619834710743805,0.12863070539419091,0.9166666666666666,0.1388101137347384
memantine,350,20261201,10.5,1.2,23.1,19.9,0.2539682539682542,0.13852813852813864,0.8857142857142858,0.15465661398675765
memantine,350,20261202,10.8,0.8,25.2,21.4,0.26388888888888895,0.1507936507936508,0.9259259259259258,0.16111707841031153
memantine,350,20261203,11.5,1.1,25.3,21.3,0.28985507246376807,0.15810276679841898,0.9043478260869565,0.17291315436821855
memantine,350,20261204,11.4,0.9,25.5,21.3,0.2978723404255319,0.16470588235294115,0.9210526315789473,0.17690286968376948
memantine,350,20261205,11.0,1.4,25.6,21.6,0.273972602739726,0.15625,0.8727272727272727,0.17700823892893924
memantine,350,20261206,11.4,0.8,25.6,22.1,0.24647887323943662,0.13671875,0.9298245614035087,0.1454726292701139
memantine,350,20261207,11.3,1.2,24.3,21.6,0.20769230769230762,0.11111111111111108,0.8938053097345133,0.12293699750862186
memantine,350,20261208,11.1,1.0,22.5,20.0,0.2192982456140351,0.1111111111111111,0.9099099099099099,0.12078477458949498
memantine,350,20261209,11.3,1.2,25.2,21.4,0.27338129496402885,0.1507936507936508,0.8938053097345133,0.16684306804741544
memantine,350,20261210,11.0,0.9,24.6,21.5,0.2279411764705883,0.12601626016260167,0.9181818181818181,0.1357667837207266
memantine,350,20261211,7.4,0.9,22.6,19.5,0.20394736842105277,0.1371681415929204,0.8783783783783783,0.1544028365968377
memantine,350,20261212,10.8,0.7,24.6,21.1,0.2536231884057971,0.14227642276422764,0.9351851851851852,0.1505275632693631
memantine,350,20261213,11.1,0.9,25.7,22.1,0.2465753424657533,0.14007782101167307,0.9189189189189189,0.15079660684992446
memantine,350,20261214,11.5,0.9,25.2,21.7,0.25547445255474455,0.1388888888888889,0.9217391304347826,0.1490641364649764
memantine,350,20261215,10.9,0.8,24.4,21.0,0.25185185185185177,0.13934426229508193,0.9266055045871558,0.1487758310330486
memantine,350,20261216,11.2,1.5,22.6,18.9,0.32456140350877216,0.16371681415929215,0.8660714285714286,0.18687610258704362
memantine,350,20261217,10.7,0.6,24.9,20.8,0.288732394366197,0.16465863453815252,0.9439252336448598,0.17261167723701695
memantine,350,20261218,11.0,0.9,25.6,21.9,0.2534246575342467,0.1445312500000001,0.9181818181818181,0.15571437316356526
memantine,350,20261219,11.4,0.8,25.5,21.8,0.26241134751773043,0.14509803921568626,0.9298245614035087,0.1543884307503102
memantine,500,20261200,12.0,0.7,24.1,17.3,0.5619834710743802,0.2821576763485477,0.9416666666666668,0.29648792611055796
memantine,500,20261201,10.5,0.4,23.1,16.3,0.5396825396825397,0.2943722943722944,0.9619047619047618,0.30288183154425197
memantine,500,20261202,10.8,0.5,25.2,17.5,0.5347222222222222,0.3055555555555555,0.9537037037037037,0.3170637970791698
memantine,500,20261203,11.5,0.8,25.3,17.7,0.5507246376811594,0.3003952569169961,0.9304347826086956,0.31942167864497967
memantine,500,20261204,11.4,0.4,25.5,17.5,0.5673758865248227,0.3137254901960784,0.9649122807017544,0.32179868528300287
memantine,500,20261205,11.0,0.4,25.6,18.1,0.5136986301369862,0.29296875,0.9636363636363636,0.3009016106442577
memantine,500,20261206,11.4,0.6,25.6,18.1,0.528169014084507,0.29296875,0.9473684210526316,0.3060146371632765
memantine,500,20261207,11.3,0.7,24.3,17.2,0.5461538461538462,0.2921810699588478,0.9380530973451328,0.30819061799075703
memantine,500,20261208,11.1,0.7,22.5,15.9,0.5789473684210527,0.29333333333333333,0.936936936936937,0.3097707163923508
memantine,500,20261209,11.3,0.5,25.2,17.4,0.5611510791366907,0.30952380952380953,0.9557522123893806,0.3205002334480938
memantine,500,20261210,11.0,0.4,24.6,17.7,0.5073529411764707,0.28048780487804886,0.9636363636363636,0.28808271275990077
memantine,500,20261211,7.4,0.5,22.6,16.2,0.42105263157894746,0.28318584070796465,0.9324324324324325,0.30048397207326333
memantine,500,20261212,10.8,0.3,24.6,16.9,0.5579710144927539,0.3130081300813009,0.9722222222222222,0.3186734356031344
memantine,500,20261213,11.1,0.5,25.7,17.9,0.5342465753424659,0.30350194552529186,0.954954954954955,0.31452446973492104
memantine,500,20261214,11.5,0.4,25.2,17.6,0.5547445255474451,0.3015873015873015,0.9652173913043478,0.3092513569553248
memantine,500,20261215,10.9,0.4,24.4,17.7,0.49629629629629635,0.2745901639344262,0.963302752293578,0.28212204608212327
memantine,500,20261216,11.2,0.7,22.6,16.0,0.5789473684210527,0.29203539823008856,0.9375000000000001,0.30821677913465806
memantine,500,20261217,10.7,0.4,24.9,17.2,0.5422535211267605,0.3092369477911647,0.9626168224299065,0.3179432441016106
memantine,500,20261218,11.0,0.4,25.6,16.9,0.5958904109589043,0.3398437500000001,0.9636363636363636,0.34904586834733903
memantine,500,20261219,11.4,0.3,25.5,17.6,0.5602836879432623,0.3098039215686274,0.9736842105263157,0.31494245638330237
diazepam,0,20261200,12.0,12.0,24.1,24.1,0.0,0.0,0.0,0.0
diazepam,0,20261201,10.5,10.5,23.1,23.1,0.0,0.0,0.0,0.0
diazepam,0,20261202,10.8,10.8,25.2,25.2,0.0,0.0,0.0,0.0
diazepam,0,20261203,11.5,11.5,25.3,25.3,0.0,0.0,0.0,0.0
diazepam,0,20261204,11.4,11.4,25.5,25.5,0.0,0.0,0.0,0.0
diazepam,0,20261205,11.0,11.0,25.6,25.6,0.0,0.0,0.0,0.0
diazepam,0,20261206,11.4,11.4,25.6,25.6,0.0,0.0,0.0,0.0
diazepam,0,20261207,11.3,11.3,24.3,24.3,0.0,0.0,0.0,0.0
diazepam,0,20261208,11.1,11.1,22.5,22.5,0.0,0.0,0.0,0.0
diazepam,0,20261209,11.3,11.3,25.2,25.2,0.0,0.0,0.0,0.0
diazepam,0,20261210,11.0,11.0,24.6,24.6,0.0,0.0,0.0,0.0
diazepam,0,20261211,7.4,7.4,22.6,22.6,0.0,0.0,0.0,0.0
diazepam,0,20261212,10.8,10.8,24.6,24.6,0.0,0.0,0.0,0.0
diazepam,0,20261213,11.1,11.1,25.7,25.7,0.0,0.0,0.0,0.0
diazepam,0,20261214,11.5,11.5,25.2,25.2,0.0,0.0,0.0,0.0
diazepam,0,20261215,10.9,10.9,24.4,24.4,0.0,0.0,0.0,0.0
diazepam,0,20261216,11.2,11.2,22.6,22.6,0.0,0.0,0.0,0.0
diazepam,0,20261217,10.7,10.7,24.9,24.9,0.0,0.0,0.0,0.0
diazepam,0,20261218,11.0,11.0,25.6,25.6,0.0,0.0,0.0,0.0
diazepam,0,20261219,11.4,11.4,25.5,25.5,0.0,0.0,0.0,0.0
diazepam,2.5,20261200,12.0,11.9,24.1,23.9,0.01652892561983499,0.00829875518672211,0.008333333333333304,0.4526593738212067
diazepam,2.5,20261201,10.5,9.8,23.1,23.0,0.00793650793650802,0.004329004329004391,0.0666666666666666,0.05646527385657906
diazepam,2.5,20261202,10.8,10.3,25.2,25.0,0.01388888888888884,0.007936507936507908,0.046296296296296294,0.14097744360902206
diazepam,2.5,20261203,11.5,11.5,25.3,25.2,0.007246376811594346,0.00395256916996053,0.0,0.39525691699605303
diazepam,2.5,20261204,11.4,11.0,25.5,25.2,0.021276595744680882,0.011764705882352969,0.03508771929824565,0.2609292744335092
diazepam,2.5,20261205,11.0,10.8,25.6,25.2,0.027397260273972712,0.015625000000000083,0.01818181818181812,0.5544354838709719
diazepam,2.5,20261206,11.4,10.9,25.6,25.2,0.028169014084507227,0.015625000000000083,0.043859649122807015,0.29010586319218395
diazepam,2.5,20261207,11.3,11.0,24.3,24.3,0.0,0.0,0.026548672566371743,0.0
diazepam,2.5,20261208,11.1,10.9,22.5,22.3,0.01754385964912275,0.008888888888888858,0.018018018018017955,0.3172561629153265
diazepam,2.5,20261209,11.3,11.1,25.2,25.0,0.014388489208633004,0.007936507936507908,0.01769911504424788,0.2865256858867063
diazepam,2.5,20261210,11.0,10.7,24.6,24.5,0.007352941176470673,0.004065040650406562,0.027272727272727337,0.10906206623041975
diazepam,2.5,20261211,7.4,7.3,22.6,22.5,0.006578947368421129,0.004424778761062009,0.013513513513513585,0.18818024616010787
diazepam,2.5,20261212,10.8,10.4,24.6,24.5,0.007246376811594346,0.004065040650406562,0.03703703703703707,0.08642212406376149
diazepam,2.5,20261213,11.1,10.8,25.7,25.5,0.013698630136986245,0.0077821011673151474,0.02702702702702693,0.2101735351756651
diazepam,2.5,20261214,11.5,11.3,25.2,25.0,0.014598540145985384,0.007936507936507908,0.017391304347826025,0.28974552784076557
diazepam,2.5,20261215,10.9,10.3,24.4,24.3,0.007407407407407196,0.0040983606557376175,0.055045871559632996,0.06300723716155156
diazepam,2.5,20261216,11.2,11.1,22.6,22.6,0.0,0.0,0.008928571428571397,0.0
diazepam,2.5,20261217,10.7,10.3,24.9,24.5,0.028169014084506894,0.016064257028112393,0.03738317757009333,0.33902869862091334
diazepam,2.5,20261218,11.0,10.5,25.6,25.4,0.013698630136986467,0.007812500000000111,0.045454545454545456,0.1408811475409856
diazepam,2.5,20261219,11.4,11.1,25.5,25.2,0.021276595744680882,0.011764705882352969,0.02631578947368427,0.3239556692242116
diazepam,5,20261200,12.0,11.4,24.1,23.8,0.024793388429752095,0.012448132780083016,0.04999999999999997,0.20746887966805036
diazepam,5,20261201,10.5,9.6,23.1,22.8,0.023809523809523836,0.012987012987013017,0.08571428571428574,0.13568521031207625
diazepam,5,20261202,10.8,9.9,25.2,24.6,0.04166666666666652,0.023809523809523725,0.08333333333333336,0.2551020408163256
diazepam,5,20261203,11.5,10.9,25.3,25.0,0.021739130434782705,0.01185770750988145,0.05217391304347823,0.19071837253655488
diazepam,5,20261204,11.4,10.6,25.5,25.2,0.021276595744680882,0.011764705882352969,0.0701754385964913,0.14673703179302378
diazepam,5,20261205,11.0,10.0,25.6,25.1,0.03424657534246578,0.01953125,0.09090909090909091,0.19355292792792794
diazepam,5,20261206,11.4,10.4,25.6,25.0,0.04225352112676062,0.023437500000000056,0.08771929824561403,0.2398451526032322
diazepam,5,20261207,11.3,10.6,24.3,24.2,0.007692307692307776,0.004115226337448618,0.061946902654867346,0.05719810284522672
diazepam,5,20261208,11.1,10.2,22.5,22.2,0.026315789473684292,0.013333333333333365,0.08108108108108111,0.1463897131552921
diazepam,5,20261209,11.3,10.4,25.2,24.7,0.03597122302158273,0.01984126984126984,0.07964601769911507,0.22132907127971288
diazepam,5,20261210,11.0,10.2,24.6,24.4,0.014705882352941346,0.008130081300813123,0.0727272727272728,0.09827570803180692
diazepam,5,20261211,7.4,7.2,22.6,22.3,0.019736842105263164,0.013274336283185872,0.02702702702702705,0.358503972611589
diazepam,5,20261212,10.8,9.8,24.6,24.4,0.014492753623188581,0.008130081300813123,0.09259259259259259,0.07924627982742034
diazepam,5,20261213,11.1,10.2,25.7,25.2,0.03424657534246578,0.019455252918287938,0.08108108108108111,0.2136036670553868
diazepam,5,20261214,11.5,10.8,25.2,24.9,0.021897810218978186,0.011904761904761934,0.060869565217391244,0.16798130295062866
diazepam,5,20261215,10.9,9.7,24.4,24.1,0.022222222222222032,0.012295081967212998,0.11009174311926614,0.10238074365364522
diazepam,5,20261216,11.2,10.3,22.6,22.5,0.008771929824561542,0.004424778761062009,0.08035714285714274,0.04896988352163495
diazepam,5,20261217,10.7,9.8,24.9,24.4,0.035211267605633756,0.020080321285140562,0.08411214953271015,0.2133658766147014
diazepam,5,20261218,11.0,9.9,25.6,25.0,0.04109589041095896,0.023437500000000056,0.09999999999999996,0.2130681818181824
diazepam,5,20261219,11.4,10.5,25.5,25.1,0.028368794326241065,0.015686274509803866,0.07894736842105265,0.17635456549483633
diazepam,7.5,20261200,12.0,10.8,24.1,23.8,0.024793388429752095,0.012448132780083016,0.09999999999999994,0.11316484345530022
diazepam,7.5,20261201,10.5,9.0,23.1,22.6,0.03968253968253965,0.021645021645021644,0.14285714285714285,0.14160294534126308
diazepam,7.5,20261202,10.8,9.2,25.2,24.5,0.04861111111111105,0.027777777777777752,0.14814814814814828,0.1756440281030442
diazepam,7.5,20261203,11.5,0.0,25.3,24.9,0.02898550724637694,0.01581027667984198,1.0,0.01565373928697226
diazepam,7.5,20261204,11.4,0.0,25.5,24.8,0.049645390070921946,0.027450980392156835,1.0,0.027179188507085974
diazepam,7.5,20261205,11.0,9.4,25.6,25.1,0.03424657534246578,0.01953125,0.14545454545454542,0.12563961988304095
diazepam,7.5,20261206,11.4,0.0,25.6,24.8,0.05633802816901412,0.03125000000000003,1.0,0.030940594059405968
diazepam,7.5,20261207,11.3,10.3,24.3,23.9,0.030769230769230882,0.016460905349794327,0.08849557522123894,0.16712329780114638
diazepam,7.5,20261208,11.1,9.9,22.5,22.4,0.008771929824561542,0.004444444444444508,0.10810810810810804,0.03763030765319151
diazepam,7.5,20261209,11.3,0.0,25.2,24.4,0.05755395683453246,0.03174603174603177,1.0,0.031431714600031455
diazepam,7.5,20261210,11.0,9.4,24.6,24.4,0.014705882352941346,0.008130081300813123,0.14545454545454542,0.052298768601721855
diazepam,7.5,20261211,7.4,7.1,22.6,22.4,0.013157894736842257,0.008849557522124019,0.04054054054054063,0.1750981969618118
diazepam,7.5,20261212,10.8,9.6,24.6,24.3,0.021739130434782705,0.01219512195121954,0.1111111111111112,0.10069366748713375
diazepam,7.5,20261213,11.1,9.6,25.7,25.0,0.047945205479452024,0.027237354085603085,0.13513513513513514,0.18766892014288902
diazepam,7.5,20261214,11.5,10.2,25.2,24.7,0.03649635036496346,0.01984126984126984,0.11304347826086962,0.1612541365191541
diazepam,7.5,20261215,10.9,8.4,24.4,24.0,0.02962962962962956,0.01639344262295076,0.2293577981651376,0.06848927734387249
diazepam,7.5,20261216,11.2,9.8,22.6,22.4,0.017543859649123084,0.008849557522124019,0.12499999999999988,0.06555227794165946
diazepam,7.5,20261217,10.7,0.0,24.9,24.1,0.0563380281690139,0.032128514056224786,1.0,0.0318104099566582
diazepam,7.5,20261218,11.0,9.5,25.6,25.0,0.04109589041095896,0.023437500000000056,0.13636363636363635,0.16013198757764013
diazepam,7.5,20261219,11.4,10.1,25.5,24.9,0.042553191489361764,0.023529411764705938,0.11403508771929831,0.18969964223313124
diazepam,10,20261200,12.0,0.4,24.1,23.7,0.033057851239669644,0.01659751037344407,0.9666666666666667,0.016994037925028058
diazepam,10,20261201,10.5,0.0,23.1,22.6,0.03968253968253965,0.021645021645021644,1.0,0.02143071450002143
diazepam,10,20261202,10.8,0.0,25.2,24.3,0.06249999999999989,0.03571428571428566,1.0,0.035360678925035305
diazepam,10,20261203,11.5,0.0,25.3,24.7,0.0434782608695653,0.0237154150197629,1.0,0.023480608930458318
diazepam,10,20261204,11.4,0.0,25.5,24.7,0.05673758865248235,0.03137254901960787,1.0,0.03106192972238403
diazepam,10,20261205,11.0,0.0,25.6,25.1,0.03424657534246578,0.01953125,1.0,0.019337871287128713
diazepam,10,20261206,11.4,0.0,25.6,24.8,0.05633802816901412,0.03125000000000003,1.0,0.030940594059405968
diazepam,10,20261207,11.3,0.0,24.3,23.9,0.030769230769230882,0.016460905349794327,1.0,0.016297926088905273
diazepam,10,20261208,11.1,9.3,22.5,22.3,0.01754385964912275,0.008888888888888858,0.16216216216216206,0.05163090877376576
diazepam,10,20261209,11.3,0.0,25.2,24.4,0.05755395683453246,0.03174603174603177,1.0,0.031431714600031455
diazepam,10,20261210,11.0,9.4,24.6,24.7,-0.00735294117647034,-0.004065040650406417,0.14545454545454542,-0.026149384300859994
diazepam,10,20261211,7.4,0.0,22.6,22.4,0.013157894736842257,0.008849557522124019,1.0,0.00876193814071685
diazepam,10,20261212,10.8,0.0,24.6,24.9,-0.021739130434782483,-0.012195121951219396,1.0,-0.012074378169524155
diazepam,10,20261213,11.1,0.0,25.7,24.8,0.06164383561643827,0.03501945525291823,1.0,0.03467272797318637
diazepam,10,20261214,11.5,0.0,25.2,24.7,0.03649635036496346,0.01984126984126984,1.0,0.019644821625019643
diazepam,10,20261215,10.9,3.9,24.4,23.9,0.03703703703703709,0.020491803278688527,0.6422018348623852,0.031419419853383736
diazepam,10,20261216,11.2,9.6,22.6,22.5,0.008771929824561542,0.004424778761062009,0.14285714285714282,0.02894715077330287
diazepam,10,20261217,10.7,0.0,24.9,24.0,0.06338028169014076,0.036144578313252955,1.0,0.03578671120124055
diazepam,10,20261218,11.0,0.0,25.6,24.8,0.0547945205479452,0.03125000000000003,1.0,0.030940594059405968
diazepam,10,20261219,11.4,0.0,25.5,24.8,0.049645390070921946,0.027450980392156835,1.0,0.027179188507085974
diazepam,12.5,20261200,12.0,0.4,24.1,23.6,0.04132231404958675,0.02074688796680498,0.9666666666666667,0.02124254740628496
diazepam,12.5,20261201,10.5,0.0,23.1,22.5,0.04761904761904767,0.025974025974026035,1.0,0.025716857400025776
diazepam,12.5,20261202,10.8,0.0,25.2,24.2,0.06944444444444442,0.03968253968253968,1.0,0.03928964325003929
diazepam,12.5,20261203,11.5,0.0,25.3,24.7,0.0434782608695653,0.0237154150197629,1.0,0.023480608930458318
diazepam,12.5,20261204,11.4,0.0,25.5,24.7,0.05673758865248235,0.03137254901960787,1.0,0.03106192972238403
diazepam,12.5,20261205,11.0,0.0,25.6,25.0,0.04109589041095896,0.023437500000000056,1.0,0.02320544554455451
diazepam,12.5,20261206,11.4,0.0,25.6,24.6,0.07042253521126762,0.0390625,1.0,0.038675742574257425
diazepam,12.5,20261207,11.3,0.0,24.3,23.9,0.030769230769230882,0.016460905349794327,1.0,0.016297926088905273
diazepam,12.5,20261208,11.1,0.0,22.5,22.3,0.01754385964912275,0.008888888888888858,1.0,0.00880088008800877
diazepam,12.5,20261209,11.3,0.0,25.2,24.3,0.06474820143884885,0.03571428571428566,1.0,0.035360678925035305
diazepam,12.5,20261210,11.0,9.1,24.6,24.7,-0.00735294117647034,-0.004065040650406417,0.17272727272727276,-0.022246491121627153
diazepam,12.5,20261211,7.4,0.0,22.6,22.3,0.019736842105263164,0.013274336283185872,1.0,0.01314290721107512
diazepam,12.5,20261212,10.8,0.0,24.6,24.9,-0.021739130434782483,-0.012195121951219396,1.0,-0.012074378169524155
diazepam,12.5,20261213,11.1,0.0,25.7,24.7,0.06849315068493156,0.038910505836575876,1.0,0.03852525330354047
diazepam,12.5,20261214,11.5,0.0,25.2,24.7,0.03649635036496346,0.01984126984126984,1.0,0.019644821625019643
diazepam,12.5,20261215,10.9,3.8,24.4,24.1,0.022222222222222032,0.012295081967212998,0.6513761467889908,0.01859015029027905
diazepam,12.5,20261216,11.2,9.5,22.6,22.5,0.008771929824561542,0.004424778761062009,0.15178571428571422,0.027349625896189028
diazepam,12.5,20261217,10.7,0.0,24.9,23.9,0.07042253521126762,0.040160642570281124,1.0,0.03976301244582289
diazepam,12.5,20261218,11.0,0.0,25.6,24.8,0.0547945205479452,0.03125000000000003,1.0,0.030940594059405968
diazepam,12.5,20261219,11.4,0.0,25.5,25.0,0.03546099290780147,0.0196078431372549,1.0,0.01941370607649
diazepam,15,20261200,12.0,0.4,24.1,23.5,0.04958677685950419,0.024896265560166032,0.9666666666666667,0.025491056887542014
diazepam,15,20261201,10.5,0.0,23.1,22.4,0.0555555555555558,0.030303030303030425,1.0,0.030003000300030124
diazepam,15,20261202,10.8,0.0,25.2,24.1,0.07638888888888873,0.043650793650793565,1.0,0.04321860757504313
diazepam,15,20261203,11.5,0.0,25.3,24.5,0.05797101449275366,0.03162055335968382,1.0,0.03130747857394438
diazepam,15,20261204,11.4,0.0,25.5,24.7,0.05673758865248235,0.03137254901960787,1.0,0.03106192972238403
diazepam,15,20261205,11.0,0.0,25.6,25.0,0.04109589041095896,0.023437500000000056,1.0,0.02320544554455451
diazepam,15,20261206,11.4,0.0,25.6,24.6,0.07042253521126762,0.0390625,1.0,0.038675742574257425
diazepam,15,20261207,11.3,0.0,24.3,24.1,0.01538461538461533,0.00823045267489709,1.0,0.008148963044452565
diazepam,15,20261208,11.1,0.0,22.5,22.4,0.008771929824561542,0.004444444444444508,1.0,0.004400440044004463
diazepam,15,20261209,11.3,0.0,25.2,24.3,0.06474820143884885,0.03571428571428566,1.0,0.035360678925035305
diazepam,15,20261210,11.0,0.0,24.6,24.6,0.0,0.0,1.0,0.0
diazepam,15,20261211,7.4,0.0,22.6,22.3,0.019736842105263164,0.013274336283185872,1.0,0.01314290721107512
diazepam,15,20261212,10.8,0.0,24.6,24.8,-0.014492753623188248,-0.00813008130081298,1.0,-0.008049585446349485
diazepam,15,20261213,11.1,0.0,25.7,24.7,0.06849315068493156,0.038910505836575876,1.0,0.03852525330354047
diazepam,15,20261214,11.5,0.0,25.2,24.7,0.03649635036496346,0.01984126984126984,1.0,0.019644821625019643
diazepam,15,20261215,10.9,3.7,24.4,24.0,0.02962962962962956,0.01639344262295076,0.6605504587155964,0.024447739032721752
diazepam,15,20261216,11.2,0.0,22.6,22.4,0.017543859649123084,0.008849557522124019,1.0,0.00876193814071685
diazepam,15,20261217,10.7,0.0,24.9,23.9,0.07042253521126762,0.040160642570281124,1.0,0.03976301244582289
diazepam,15,20261218,11.0,0.0,25.6,24.6,0.06849315068493145,0.0390625,1.0,0.038675742574257425
diazepam,15,20261219,11.4,0.0,25.5,25.0,0.03546099290780147,0.0196078431372549,1.0,0.01941370607649
diazepam,20,20261200,12.0,0.4,24.1,23.0,0.09090909090909105,0.04564315352697101,0.9666666666666667,0.04673360429382697
diazepam,20,20261201,10.5,0.0,23.1,22.1,0.0793650793650793,0.04329004329004329,1.0,0.04286142900004286
diazepam,20,20261202,10.8,0.0,25.2,23.8,0.0972222222222221,0.055555555555555504,1.0,0.05500550055005495
diazepam,20,20261203,11.5,0.0,25.3,24.5,0.05797101449275366,0.03162055335968382,1.0,0.03130747857394438
diazepam,20,20261204,11.4,0.0,25.5,24.6,0.06382978723404242,0.03529411764705877,1.0,0.03494467093768195
diazepam,20,20261205,11.0,0.0,25.6,24.8,0.0547945205479452,0.03125000000000003,1.0,0.030940594059405968
diazepam,20,20261206,11.4,0.0,25.6,24.7,0.06338028169014098,0.03515625000000008,1.0,0.03480816831683176
diazepam,20,20261207,11.3,0.0,24.3,23.6,0.053846153846153766,0.028806584362139887,1.0,0.028521370655584046
diazepam,20,20261208,11.1,0.0,22.5,22.2,0.026315789473684292,0.013333333333333365,1.0,0.013201320132013233
diazepam,20,20261209,11.3,0.0,25.2,24.1,0.07913669064748186,0.043650793650793565,1.0,0.04321860757504313
diazepam,20,20261210,11.0,0.0,24.6,24.4,0.014705882352941346,0.008130081300813123,1.0,0.008049585446349627
diazepam,20,20261211,7.4,0.0,22.6,22.0,0.03947368421052644,0.026548672566371743,1.0,0.02628581442215024
diazepam,20,20261212,10.8,0.0,24.6,24.7,-0.007246376811594013,-0.004065040650406417,1.0,-0.0040247927231746704
diazepam,20,20261213,11.1,0.0,25.7,24.7,0.06849315068493156,0.038910505836575876,1.0,0.03852525330354047
diazepam,20,20261214,11.5,0.0,25.2,24.5,0.05109489051094884,0.027777777777777752,1.0,0.027502750275027476
diazepam,20,20261215,10.9,3.4,24.4,23.9,0.03703703703703709,0.020491803278688527,0.6880733944954128,0.029354797705047304
diazepam,20,20261216,11.2,0.0,22.6,22.1,0.04385964912280704,0.022123893805309734,1.0,0.021904845351791817
diazepam,20,20261217,10.7,0.0,24.9,23.7,0.08450704225352113,0.048192771084337324,1.0,0.04771561493498745
diazepam,20,20261218,11.0,0.0,25.6,24.6,0.06849315068493145,0.0390625,1.0,0.038675742574257425
diazepam,20,20261219,11.4,0.0,25.5,24.9,0.042553191489361764,0.023529411764705938,1.0,0.023296447291788057
diazepam,30,20261200,12.0,0.4,24.1,23.2,0.0743801652892564,0.03734439834024905,0.9666666666666667,0.03823658533131302
diazepam,30,20261201,10.5,0.0,23.1,21.8,0.10317460317460325,0.05627705627705631,1.0,0.05571985770005575
diazepam,30,20261202,10.8,0.0,25.2,23.5,0.11805555555555547,0.06746031746031743,1.0,0.06679239352506676
diazepam,30,20261203,11.5,0.0,25.3,24.5,0.05797101449275366,0.03162055335968382,1.0,0.03130747857394438
diazepam,30,20261204,11.4,0.0,25.5,24.3,0.0851063829787233,0.047058823529411736,1.0,0.046592894583575975
diazepam,30,20261205,11.0,0.0,25.6,24.3,0.08904109589041098,0.05078125000000003,1.0,0.05027846534653468
diazepam,30,20261206,11.4,0.0,25.6,24.2,0.09859154929577474,0.05468750000000008,1.0,0.05414603960396048
diazepam,30,20261207,11.3,0.0,24.3,23.5,0.06153846153846154,0.03292181069958851,1.0,0.03259585217781041
diazepam,30,20261208,11.1,0.0,22.5,22.0,0.04385964912280704,0.022222222222222223,1.0,0.022002200220022004
diazepam,30,20261209,11.3,0.0,25.2,23.7,0.1079136690647482,0.05952380952380953,1.0,0.05893446487505894
diazepam,30,20261210,11.0,0.0,24.6,24.1,0.03676470588235292,0.02032520325203252,1.0,0.02012396361587378
diazepam,30,20261211,7.4,0.0,22.6,21.9,0.04605263157894757,0.030973451327433753,1.0,0.030666783492508665
diazepam,30,20261212,10.8,0.0,24.6,24.3,0.021739130434782705,0.01219512195121954,1.0,0.012074378169524298
diazepam,30,20261213,11.1,0.0,25.7,24.4,0.08904109589041098,0.05058365758754867,1.0,0.05008282929460264
diazepam,30,20261214,11.5,0.0,25.2,24.4,0.058394160583941646,0.03174603174603177,1.0,0.031431714600031455
diazepam,30,20261215,10.9,3.2,24.4,23.7,0.051851851851851816,0.028688524590163907,0.7064220183486238,0.04004416929604131
diazepam,30,20261216,11.2,0.0,22.6,22.1,0.04385964912280704,0.022123893805309734,1.0,0.021904845351791817
diazepam,30,20261217,10.7,0.0,24.9,23.3,0.11267605633802802,0.06425702811244972,1.0,0.06362081991331656
diazepam,30,20261218,11.0,0.0,25.6,24.1,0.10273972602739723,0.05859375,1.0,0.05801361386138614
diazepam,30,20261219,11.4,0.0,25.5,24.4,0.07801418439716323,0.04313725490196084,1.0,0.04271015336827806
diazepam,60,20261200,12.0,0.3,24.1,22.8,0.1074380165289257,0.05394190871369297,0.975,0.05476335910019591
diazepam,60,20261201,10.5,0.0,23.1,21.2,0.15079365079365092,0.08225108225108234,1.0,0.08143671510008152
diazepam,60,20261202,10.8,0.0,25.2,23.1,0.14583333333333315,0.08333333333333325,1.0,0.08250825082508242
diazepam,60,20261203,11.5,0.0,25.3,23.9,0.10144927536231896,0.05533596837944672,1.0,0.05478808750440269
diazepam,60,20261204,11.4,0.0,25.5,23.7,0.12765957446808518,0.07058823529411767,1.0,0.06988934187536404
diazepam,60,20261205,11.0,0.0,25.6,23.9,0.1164383561643837,0.06640625000000011,1.0,0.06574876237623774
diazepam,60,20261206,11.4,0.0,25.6,23.6,0.14084507042253525,0.078125,1.0,0.07735148514851485
diazepam,60,20261207,11.3,0.0,24.3,23.0,0.10000000000000009,0.0534979423868313,1.0,0.05296825978894188
diazepam,60,20261208,11.1,0.0,22.5,21.0,0.13157894736842102,0.06666666666666667,1.0,0.066006600660066
diazepam,60,20261209,11.3,0.0,25.2,23.2,0.14388489208633093,0.07936507936507936,1.0,0.07857928650007857
diazepam,60,20261210,11.0,0.0,24.6,23.7,0.06617647058823539,0.036585365853658625,1.0,0.036223134508572896
diazepam,60,20261211,7.4,0.0,22.6,21.3,0.08552631578947367,0.05752212389380534,1.0,0.05695259791465875
diazepam,60,20261212,10.8,0.0,24.6,23.3,0.09420289855072472,0.05284552845528458,1.0,0.052322305401271856
diazepam,60,20261213,11.1,0.0,25.7,23.7,0.136986301369863,0.07782101167315175,1.0,0.07705050660708095
diazepam,60,20261214,11.5,0.0,25.2,24.0,0.08759124087591241,0.047619047619047596,1.0,0.047147571900047126
diazepam,60,20261215,10.9,2.4,24.4,22.7,0.12592592592592589,0.06967213114754096,0.7798165137614679,0.08821305953167574
diazepam,60,20261216,11.2,0.0,22.6,21.1,0.13157894736842102,0.0663716814159292,1.0,0.06571453605537544
diazepam,60,20261217,10.7,0.0,24.9,22.9,0.14084507042253525,0.08032128514056225,1.0,0.07952602489164579
diazepam,60,20261218,11.0,0.0,25.6,23.6,0.136986301369863,0.078125,1.0,0.07735148514851485
diazepam,60,20261219,11.4,0.0,25.5,23.4,0.14893617021276606,0.08235294117647064,1.0,0.08153756552125806
