drive_multiplier,n,firing_hz_mean,firing_hz_sd,mean_isi_ms_mean,mean_isi_ms_sd,mean_ampa_psp_mv_mean,mean_ampa_psp_mv_sd,mean_nmda_psp_mv_mean,mean_nmda_psp_mv_sd,mean_gaba_psp_mv_mean,mean_gaba_psp_mv_sd,nmda_open_fraction_mean,nmda_open_fraction_sd,mean_plasticity_state_mean,mean_plasticity_state_sd
1.0,20,10.965,0.9056983348136456,90.79352731838934,10.504228190537152,6.071527976733368,0.13996406855179605,0.1982168853805071,0.03223095594959835,-0.5492502500000052,0.0054811712238075445,0.07615576923077012,0.006279593221764395,15592.562315874038,2723.8886579053
1.05,20,13.05,0.7052435189724411,75.4057007770881,4.091036826296904,5.832886615554515,0.1493761646804364,0.16254166111481952,0.022963501135786612,-0.5432860714285755,0.007786182995954118,0.06616365384615433,0.005515023996674892,17247.379165051472,2285.232710644982
1.1,20,14.05,1.0659811393611447,65.20529272033559,1.795930528838187,6.300322475973141,0.1336405783041287,0.3744077699223964,0.04282912677246363,-0.5159199910714333,0.015927538806812767,0.0979915384615381,0.007700258199005732,34081.41272987157,5790.004678477959
1.15,20,15.97,0.1341640786499873,61.75969283836984,0.5204105986656306,6.384629830484561,0.034232726772111394,0.3363751826184912,0.017363004765001577,-0.5098312589285762,0.0034752455473113235,0.1056624999999997,0.0014108672382831778,30636.91036356896,2278.9873234483425
1.2,20,17.19,0.1860956177543374,57.477646140555514,0.6249291074816202,6.683270114509176,0.05033413025759859,0.4645067903621498,0.030194790680835488,-0.50036297321429,0.005460033397288216,0.11856596153846027,0.00416490174340655,44524.61602860102,3691.4608865342007
1.25,20,16.919999999999998,0.11516578439248751,58.20815866823383,0.3997007064840918,6.429898320696311,0.12595412222803096,0.35679712084445925,0.05777217196817485,-0.5163058303571467,0.004942178934140308,0.09810826923076918,0.008058126216660808,33697.1229421859,7058.058558372521
1.3,20,18.055,0.19861361590045287,54.78775512014709,0.6049926417249885,7.069549337561267,0.06750090622133692,0.46230819775534066,0.03020289460428325,-0.4887332678571462,0.00385998916019105,0.1315599999999989,0.005620298914460312,47021.95337582039,2684.36011386151
1.35,20,19.13,0.5048188836237781,50.362195877623,0.6959629587100382,7.080848770652476,0.05645267337026118,0.6038977867740327,0.056021016964879995,-0.47628483035714686,0.0037725773579488915,0.13428846153846016,0.005293414022627416,58764.6424268495,6141.695387136018
1.4,20,15.08,1.0278234540190152,64.97340772732267,4.5312913300912685,7.494547802896351,0.08434964160593546,0.3916948210989655,0.07361745596147747,-0.49810191071428994,0.004570214491662303,0.139078846153844,0.009580977183628058,35230.12120608087,7865.721734126634
1.45,20,19.75,0.4936438093669521,49.42046212507793,1.2471099177831035,7.3381828911244735,0.07073583613264649,0.6092371398114159,0.026828312844987188,-0.48143387500000345,0.0022962390239276266,0.1395201923076902,0.002664145325050052,55216.28375709377,2629.558889232173
1.5,20,20.61,0.8090930595100715,44.55113842579399,0.6899068492670603,7.60565415625934,0.09791687384605324,0.8192231535380513,0.0629045654086535,-0.4747782857142896,0.003910636967684207,0.15976115384615222,0.007323742644441667,77487.8483705926,7886.515127572065
1.55,20,17.38,1.5302562564898454,44.20983552376517,1.1507771723216684,7.685336526944346,0.08889530253566653,0.6535603093207614,0.046510962659848415,-0.4912949196428616,0.009953830593280017,0.14905923076922903,0.004961511376758148,52905.24505428104,5954.830087044426
1.6,20,22.095,0.9714205550310544,41.403520157064136,1.300171742266713,7.9057772353747,0.09246902693128324,0.9044983736940924,0.06046976654709663,-0.45509882142857483,0.006002659211277984,0.17276269230769065,0.005148434995464302,77003.82816835819,6805.1165830029795
1.65,20,24.605,1.088927526465713,39.41783480967811,0.8296418813822275,8.00381114064073,0.10323102349132329,1.0958845021486978,0.09642674668639004,-0.4534347857142891,0.006930674399042347,0.1835163461538441,0.009466968412834929,110824.03696269412,16898.894914135693
1.7,20,25.48,0.4408126466807461,38.88554779515903,0.6752060615140048,8.15442128826657,0.08389614746471981,1.2384032266271685,0.05817328427116151,-0.43948035714286066,0.003276817529193441,0.19264730769230579,0.006413624660290702,127104.13081285742,10833.590347990903
1.75,20,26.345,0.27810448623342615,37.64643287122776,0.39983985714489895,8.073789746630279,0.04905874801447864,1.073258354689586,0.04301103102212202,-0.4487598750000035,0.002895018461910778,0.18785480769230592,0.0030489765463806843,105887.82822581238,5089.875444192607
1.8,20,27.15,0.886447671148281,35.84043064627583,0.5976520962326073,8.437582996011706,0.032767465414828216,1.4115338511473614,0.08342460926816316,-0.437394223214289,0.006174997843692839,0.20663519230769062,0.006008316316273493,141971.9296886251,15642.04563258799
1.85,20,27.62,0.3833371471968932,35.84844401411536,0.49209789534221626,8.393574258556601,0.03480772837522643,1.2692767004589438,0.04038962200777471,-0.43286185714286,0.0021021888857981745,0.20099538461538288,0.0035608149333716827,131024.52397372529,5567.695183714413
1.9,20,29.64,0.28910023757932296,33.43761982569737,0.33783097404201334,8.533253060513378,0.03328642746358516,1.3214072619993305,0.036879735552348664,-0.43199136607143174,0.0036447191334881713,0.21819538461538335,0.0026919868519064373,141625.7662390001,5740.039820898823
1.95,20,29.505,0.4032434291565017,33.65010094218911,0.4600507937116825,8.534858822938025,0.05377581788360913,1.4586448838951915,0.062131533774541434,-0.4291601250000032,0.0023932603612549347,0.21213980769230648,0.0046927414472313946,147157.50767706882,9388.330383502756
2.0,20,31.88,0.35033818248267373,31.10092711988389,0.3454840497474412,8.840635670402506,0.040376995026591575,1.870595393090784,0.06896858790341168,-0.41235120535714603,0.002611492533552916,0.2364005769230766,0.004340520205818296,204941.8653850837,10275.012470285768
2.05,20,32.825,0.45407511551098706,30.179011952579945,0.3940875548067368,8.781934876988553,0.046452253392684044,1.662424082368154,0.05707060004418306,-0.41355771428571725,0.002963300919280823,0.23550057692307674,0.0038536464014028654,177902.25300314173,9529.184030017415
2.1,20,32.98,0.8319919027946057,28.908761891368965,0.29854858068149037,8.932639803937459,0.05185745916996025,1.9946568326560365,0.0578005057763232,-0.4143817053571459,0.003951845206563398,0.2382078846153845,0.0027370642147046035,197127.73073191388,10198.885656771536
2.15,20,35.08,0.571793116801044,27.925943269788554,0.33008825740718833,8.994646990037701,0.04941107864752627,2.1058387760472255,0.06724775403644653,-0.4145751785714312,0.0037908686812505163,0.24671846153846053,0.0035474938847075053,236407.29351102005,11422.88914488594
2.2,20,38.59,0.6120715472453911,25.414490095126826,0.3912273989484913,8.887137604679669,0.050999117997163695,2.3517821300442194,0.04462739236877925,-0.40652154464285994,0.0028090115167281,0.2486717307692303,0.0024435725549295535,272536.66010774934,9208.466868425465
2.25,20,38.585,0.45914680601490077,25.386588823758345,0.3005311640752463,8.966756364769052,0.041959421690040535,2.29446839824766,0.0561434792651775,-0.40269138392857406,0.002889909011829452,0.2518498076923065,0.0030302378012368692,263668.1872391579,9833.622962733034
2.3,20,39.775,0.683547249358274,24.928223203344967,0.4270345441787592,8.968700788462058,0.048749035209925275,2.310783989619488,0.07529867329247315,-0.39620103571428833,0.0035447143070582066,0.2515503846153835,0.004398060375547042,258559.63261788298,16538.34225890807
2.35,20,39.595,0.9190813491284593,25.05175208736594,0.5975054218436853,9.258788657896748,0.045278354473494174,2.355875495702599,0.0810427456879223,-0.3926548571428597,0.004097065404674786,0.26728192307692195,0.003125447112206288,289792.56510066875,19057.664443577607
2.4,20,41.305,1.208075895141134,23.943265622674456,0.7145016146495325,9.064873325555023,0.06631892980214768,2.3343491808995323,0.0740105379353837,-0.39704689285714556,0.003126987446097399,0.25573211538461443,0.002549204440783234,267721.92945780826,15811.52212595148
2.45,20,46.025,0.44114086543630754,21.371550286652013,0.1867214455628943,8.929061960926205,0.0448232434058615,2.6394657802695214,0.03650241806865459,-0.38255909821428824,0.0027654620412646247,0.2600396153846135,0.0019757294479376725,343199.9683961808,7545.415384064803
2.5,20,51.545,0.6597248230173419,19.2656254639616,0.24751443998590017,8.563491716008656,0.053130410830764634,2.8532566750333714,0.049874450628124574,-0.37285969642857386,0.005411600252565771,0.25290730769230696,0.002270708672650839,379311.48776174267,12691.989999711162
