drive_multiplier,replicate,seed,firing_hz,mean_isi_ms,mean_ampa_psp_mv,mean_nmda_psp_mv,mean_gaba_psp_mv,nmda_open_fraction,mean_plasticity_state
1.0,1,20261200,12.0,82.14285714285714,6.088232145862229,0.24058184329105453,-0.551263035714291,0.08445384615384689,19518.586315428267
1.0,2,20261201,10.5,93.9951923076923,6.1348984815036935,0.18075833110814388,-0.553521607142862,0.07480769230769384,14156.157475071755
1.0,3,20261202,10.8,91.35514018691589,5.923747988424474,0.14302415962950576,-0.5527687500000056,0.06640000000000128,11755.033705228916
1.0,4,20261203,11.5,85.75,6.133720618663157,0.24370279430907835,-0.5387135714285759,0.08287692307692356,19795.842338105704
1.0,5,20261204,11.4,86.5,6.109091212444775,0.21829263584779696,-0.548412142857148,0.08136153846154044,18534.448049136947
1.0,6,20261205,11.0,89.68348623853211,5.958049261895893,0.1655552283044056,-0.5533112500000053,0.06912307692307848,14118.77944198333
1.0,7,20261206,11.4,86.5,6.0000430701883,0.20138120877837098,-0.5436403571428622,0.07527692307692477,17048.54434384562
1.0,8,20261207,11.3,87.28125,6.215787579168599,0.24330826902536723,-0.5454837500000068,0.08580769230769303,20188.144194060464
1.0,9,20261208,11.1,88.86363636363636,6.111207027054007,0.21451141371829058,-0.548329107142863,0.07896923076923093,15707.295386888063
1.0,10,20261209,11.3,87.28125,6.020176612912303,0.20335785555740965,-0.5417692857142903,0.07516538461538483,16438.137355903906
1.0,11,20261210,11.0,89.6788990825688,6.0774454998900875,0.20293440195260312,-0.5475375000000051,0.07616923076923117,15688.407758372414
1.0,12,20261211,7.4,133.91095890410958,6.528409102753225,0.19026511306742303,-0.564388214285721,0.07913461538461546,11054.564890733434
1.0,13,20261212,10.8,91.35514018691589,6.081218357364095,0.20280057877169538,-0.5499842857142901,0.07764615384615463,14530.040251766319
1.0,14,20261213,11.1,88.86363636363636,6.153560225623263,0.21145087775367127,-0.5515232142857188,0.08066923076923113,15285.209809078096
1.0,15,20261214,11.5,85.74561403508773,6.00681807512098,0.1839839394192253,-0.5496964285714343,0.07660769230769406,16085.01590254131
1.0,16,20261215,10.9,90.50925925925925,6.010692107822827,0.19718196053070747,-0.5474710714285765,0.0731576923076929,12857.102553453136
1.0,17,20261216,11.2,88.06306306306307,5.935859292036055,0.16079291029706255,-0.5496300000000042,0.06933076923077051,13913.186568210274
1.0,18,20261217,10.7,92.2122641509434,5.836676102927719,0.12156714853137494,-0.555398214285718,0.060211538461539545,11407.038012466115
1.0,19,20261218,11.0,89.6788990825688,6.054827682694321,0.21415696411882476,-0.5478530357142908,0.0756538461538464,15644.629548539639
1.0,20,20261219,11.4,86.5,6.050099090317343,0.22473007359813063,-0.5443101785714336,0.08029230769230852,18125.08241666705
1.05,1,20261200,12.6,77.212,5.77312806091053,0.11799752528371137,-0.5562230357142904,0.05848076923076988,13815.38704928837
1.05,2,20261201,13.7,71.44117647058823,5.802327498933443,0.19389811181575395,-0.5277196428571479,0.06952692307692432,20595.515092945392
1.05,3,20261202,13.4,73.04887218045113,5.789243990312388,0.1653603687416554,-0.5361173214285749,0.0680307692307695,17146.085004005316
1.05,4,20261203,13.9,70.8659420289855,5.633389026914022,0.17592702736982616,-0.5438617857142901,0.06163076923076935,18782.467078394508
1.05,5,20261204,12.2,80.2892561983471,5.952447345876362,0.14466861498664865,-0.5535271428571471,0.06619230769230815,16359.341631626206
1.05,6,20261205,13.6,71.96296296296296,5.640458433961408,0.13505662750333744,-0.5392948214285719,0.0577576923076929,15285.384127548796
1.05,7,20261206,13.0,75.31007751937985,5.676363338703211,0.12509622096128142,-0.5518166071428632,0.05686538461538524,13397.573896140884
1.05,8,20261207,11.6,84.48260869565217,6.140050617427228,0.15392061573765004,-0.5451958928571483,0.07364230769230809,15184.166304248905
1.05,9,20261208,12.9,76.3984375,5.954323984411122,0.16978969125500645,-0.5378666071428618,0.0713307692307697,17356.273076974074
1.05,10,20261209,12.1,80.9625,5.976865860504599,0.1603873838451266,-0.5545789285714313,0.06626923076923093,16952.681329192517
1.05,11,20261210,13.7,71.90808823529412,5.762378854324369,0.17921361723965257,-0.5359180357142894,0.06785000000000076,18940.05035017351
1.05,12,20261211,13.5,72.50746268656717,5.683747273185067,0.14984258135847778,-0.539272678571432,0.0600961538461543,15854.765208517707
1.05,13,20261212,12.8,76.50393700787401,5.7934797909688776,0.14827113209279033,-0.5509087500000042,0.06289230769230801,14672.285615214952
1.05,14,20261213,13.1,75.22692307692307,5.8761404364892735,0.18000458661548716,-0.5452346428571464,0.06890769230769267,18341.97583946611
1.05,15,20261214,13.8,71.37956204379562,5.639742224870958,0.17872766530373807,-0.5445371428571477,0.061346153846154064,19084.992141200524
1.05,16,20261215,12.2,80.29338842975207,6.02276548852848,0.1521854647029371,-0.5509419642857188,0.07021538461538483,15969.503061513502
1.05,17,20261216,12.1,80.95833333333333,6.041274739898936,0.15204477036048045,-0.5427269642857195,0.07042307692307727,16264.985088383215
1.05,18,20261217,13.9,70.8623188405797,5.773059794091929,0.1754838922730303,-0.5364383928571463,0.06855000000000053,18849.889699387237
1.05,19,20261218,13.4,73.52255639097744,5.961367152576823,0.20985565353805027,-0.5343458928571466,0.07722692307692423,21029.18290992697
1.05,20,20261219,13.5,72.9776119402985,5.765178398201271,0.18310167131174887,-0.5391951785714337,0.06603846153846177,21065.078796880724
1.1,1,20261200,13.8,62.2007299270073,6.21618823910682,0.3478595890353804,-0.5295408928571478,0.09537692307692283,30066.144717082905
1.1,2,20261201,15.1,65.33333333333333,6.368964314840104,0.3903338568925233,-0.5002957142857185,0.10208076923076895,37804.420078184856
1.1,3,20261202,14.9,66.21283783783784,6.351518545503321,0.36595850267022695,-0.4997587500000045,0.09987692307692272,34863.073068969294
1.1,4,20261203,13.2,65.05725190839695,6.384148332745363,0.3848927010180236,-0.5322257142857194,0.1006499999999993,34865.54860172327
1.1,5,20261204,13.8,62.2007299270073,6.1783768989238,0.32417146061415203,-0.5283451785714347,0.09384615384615401,28553.31660354056
1.1,6,20261205,15.0,65.77181208053692,6.437459441069967,0.43092718082443215,-0.5005835714285751,0.1069076923076915,41652.41047043124
1.1,7,20261206,14.9,66.21621621621621,6.441803719093089,0.41371804606141505,-0.49869035714286064,0.1068384615384607,39958.53615501286
1.1,8,20261207,14.9,66.21621621621621,6.353979519814419,0.3969243972797064,-0.5033126785714334,0.09996153846153805,36991.83453775904
1.1,9,20261208,12.9,65.6953125,6.273428877709092,0.3481370487316421,-0.530437678571433,0.09571153846153821,30335.11502806614
1.1,10,20261209,14.0,61.305755395683455,6.228053689562467,0.37921763326101465,-0.5292253571428626,0.09756153846153798,33320.68306978237
1.1,11,20261210,14.9,66.21621621621621,6.378331927097211,0.41593288092456626,-0.5024933928571468,0.10155384615384559,39202.63189029626
1.1,12,20261211,13.2,65.05343511450381,6.388747229082976,0.40220272855473915,-0.5290703571428619,0.10099230769230695,37172.845358978346
1.1,13,20261212,12.0,66.08823529411765,5.930282175225603,0.25684063793391154,-0.538840892857148,0.07472692307692408,20215.557086315825
1.1,14,20261213,15.1,65.33333333333333,6.381200846550903,0.406562005423898,-0.5003621428571474,0.10172307692307632,38691.74104219588
1.1,15,20261214,14.2,62.216312056737586,6.186134420844134,0.3529946310080106,-0.5228980357142905,0.09507692307692303,31345.1698104331
1.1,16,20261215,15.1,65.33333333333333,6.428562659543436,0.4272894855640854,-0.4971846428571474,0.1066115384615376,42272.9120108971
1.1,17,20261216,12.7,66.73809523809524,6.242253809706639,0.36898826460280343,-0.5331335714285755,0.09239615384615342,30563.440501427656
1.1,18,20261217,11.9,66.64830508474576,6.076830024254862,0.3080212157042721,-0.5371192857142906,0.08451538461538463,23123.6489283612
1.1,19,20261218,14.9,66.21283783783784,6.344939027587909,0.3864037900534048,-0.5018401785714338,0.09971923076923057,35972.858163992365
1.1,20,20261219,14.5,68.05555555555556,6.415245821200708,0.38077934228971955,-0.503041428571434,0.10370384615384565,34656.36747398114
1.15,1,20261200,15.9,62.028481012658226,6.402397756695418,0.3215241446094791,-0.511444642857148,0.10593076923076872,29559.04895047375
1.15,2,20261201,16.1,61.253125,6.3179287693393995,0.3385753888518029,-0.5047907142857186,0.10248076923076878,29862.047423621618
1.15,3,20261202,16.0,61.64150943396226,6.422225002496302,0.3464951335113485,-0.5122971428571482,0.10708076923076905,31918.67888997456
1.15,4,20261203,15.8,62.42675159235669,6.351468880558584,0.31758488576435195,-0.5126458928571463,0.10381923076923065,28930.372210111673
1.15,5,20261204,16.3,60.49382716049383,6.356155879630883,0.3618527826268361,-0.5068333928571479,0.10591538461538416,33904.88377487098
1.15,6,20261205,15.8,62.42356687898089,6.402397689186572,0.3277577135347126,-0.5075308928571475,0.10618461538461495,29188.861639359773
1.15,7,20261206,16.0,61.63522012578616,6.360173964689761,0.31604196278371116,-0.5118985714285764,0.1050884615384612,28873.455843727366
1.15,8,20261207,16.0,61.638364779874216,6.374851587273291,0.31321831742323125,-0.5076526785714338,0.10505384615384596,27530.181725704515
1.15,9,20261208,16.0,61.638364779874216,6.366307573564055,0.3529738165053403,-0.5074478571428607,0.10526923076923056,32090.414476917045
1.15,10,20261209,16.0,61.638364779874216,6.4055076989123565,0.34836913317756996,-0.5122639285714327,0.1062807692307688,31952.438322367692
1.15,11,20261210,16.0,61.638364779874216,6.328934990761859,0.354634243658211,-0.5057539285714342,0.10440769230769252,32373.419341181438
1.15,12,20261211,15.8,62.42993630573248,6.393807176078389,0.3164246828271029,-0.5125960714285758,0.10524615384615348,28389.91289535911
1.15,13,20261212,15.9,62.03164556962025,6.413420128022634,0.35996447413217625,-0.5098448214285766,0.10684999999999943,32597.454159546643
1.15,14,20261213,15.8,62.42356687898089,6.430073007196808,0.35039453596461895,-0.5051560714285757,0.107634615384615,33271.35351672995
1.15,15,20261214,16.1,61.25625,6.36062943057434,0.33641206942590096,-0.5111567857142904,0.10488461538461516,31524.280381293578
1.15,16,20261215,15.9,62.028481012658226,6.405236037580993,0.3244370967957276,-0.5131939285714336,0.106276923076923,28598.371486338157
1.15,17,20261216,16.2,60.869565217391305,6.40260508686357,0.349239614319092,-0.5100607142857198,0.10748846153846119,32882.88377535183
1.15,18,20261217,16.0,61.64150943396226,6.367187032878244,0.33351229305740965,-0.5099776785714328,0.1048038461538457,29527.285028997343
1.15,19,20261218,15.9,62.028481012658226,6.452821511124127,0.35192185263684905,-0.5055767857142908,0.10824999999999943,33867.3099970241
1.15,20,20261219,15.9,62.028481012658226,6.378467406263623,0.3061695107643523,-0.5185026785714328,0.10430384615384627,25895.55343242808
1.2,1,20261200,17.0,58.11538461538461,6.712027354371528,0.45679056183244393,-0.5008714285714329,0.11843076923076801,42118.41059397592
1.2,2,20261201,17.4,56.77745664739884,6.707089321467503,0.4809413240987982,-0.49411232142857536,0.12198846153846019,48260.384772394485
1.2,3,20261202,17.1,57.77647058823529,6.666303374520261,0.4462524843124173,-0.5010208928571475,0.11635769230769086,43183.02249931171
1.2,4,20261203,17.1,57.77647058823529,6.647822464262748,0.40584131925901196,-0.4964982142857178,0.11490384615384533,39578.77613045511
1.2,5,20261204,17.0,58.11834319526627,6.685107579723645,0.4491664781375168,-0.5039603571428619,0.11657307692307581,42533.8364131237
1.2,6,20261205,17.2,57.43859649122807,6.646707111506046,0.4472980338785048,-0.49781571428571914,0.11529230769230663,42467.755639221956
1.2,7,20261206,16.9,58.464285714285715,6.6636373114027245,0.4561639886515361,-0.49882321428571896,0.11543076923076794,42393.81614962182
1.2,8,20261207,17.1,57.77058823529412,6.681623205375359,0.4590880516522033,-0.49582285714286134,0.11660769230769118,43787.01048552421
1.2,9,20261208,17.6,56.12285714285714,6.760449600546233,0.4938885660881173,-0.5087708928571473,0.12486538461538298,46488.980230998684
1.2,10,20261209,16.9,58.467261904761905,6.693855184876724,0.48533016889185626,-0.49570107142857495,0.11663846153846018,45736.93538969713
1.2,11,20261210,17.4,56.76878612716763,6.768559633458535,0.5331473496328442,-0.5114003571428619,0.12702692307692115,52567.99679617487
1.2,12,20261211,17.3,57.104651162790695,6.640497221809893,0.47086787232977306,-0.5055657142857186,0.1158615384615372,46425.77759430335
1.2,13,20261212,17.4,56.76878612716763,6.804964189290465,0.5247166354305752,-0.5035396428571469,0.12858846153845976,53184.983616683436
1.2,14,20261213,17.3,57.10174418604651,6.658712643008851,0.44672882393190955,-0.5100828571428623,0.11680384615384483,43067.697449551866
1.2,15,20261214,17.2,57.43859649122807,6.588582094509659,0.42584069384178913,-0.4905307142857185,0.11560769230769163,39132.54967438347
1.2,16,20261215,17.1,57.779411764705884,6.648504588298972,0.44177400375500675,-0.49739500000000353,0.11596538461538332,43876.40496938526
1.2,17,20261216,17.0,58.112426035502956,6.649822426989031,0.4609288467957279,-0.5002680357142898,0.11611538461538373,42995.564809376934
1.2,18,20261217,17.3,57.10755813953488,6.711566452766543,0.48717025133511377,-0.5002680357142901,0.12298846153845995,47305.419936193844
1.2,19,20261218,17.3,57.104651162790695,6.657453446091091,0.4584136361815758,-0.49787660714286175,0.11876538461538388,41555.3598089699
1.2,20,20261219,17.2,57.43859649122807,6.672117085907711,0.459786717206275,-0.49693553571428967,0.11650769230769101,43831.63761267268
1.25,1,20261200,16.8,58.625748502994014,6.364729378824049,0.32653634629505995,-0.512673571428575,0.0941423076923076,29570.66032933471
1.25,2,20261201,17.0,57.92603550295858,6.235263677750491,0.28567716688918526,-0.5206450000000036,0.08521153846153848,24712.10638436819
1.25,3,20261202,17.0,57.928994082840234,6.513676808688186,0.39435418082443296,-0.5195157142857186,0.10500769230769222,37987.713471945965
1.25,4,20261203,17.0,57.93195266272189,6.560294612558428,0.417086121328438,-0.5095735714285755,0.10575384615384657,40695.5177116933
1.25,5,20261204,16.7,58.975903614457835,6.262571448198257,0.2432330882843787,-0.5196928571428608,0.0877615384615388,19962.331607405602
1.25,6,20261205,17.1,57.59117647058824,6.39710384132715,0.3649047844626164,-0.5137475000000039,0.09585769230769227,35543.87593708106
1.25,7,20261206,16.8,58.625748502994014,6.293050215106556,0.2795367241321759,-0.5136976785714323,0.09098461538461552,23904.040066091344
1.25,8,20261207,17.0,57.93195266272189,6.542855305678162,0.3918323366154875,-0.5132437500000026,0.1037346153846146,39590.06735937101
1.25,9,20261208,16.9,58.273809523809526,6.306894061537591,0.3194367003504671,-0.5169083928571465,0.08875384615384599,29586.234693315022
1.25,10,20261209,17.0,57.928994082840234,6.397592295144903,0.3383251396862486,-0.5230696428571479,0.09803846153846148,29842.52118409884
1.25,11,20261210,16.9,58.276785714285715,6.299026679691737,0.30988940412216276,-0.5259869642857173,0.08759615384615414,28523.75421948097
1.25,12,20261211,17.0,57.928994082840234,6.602103342120009,0.44643376602136176,-0.5116660714285761,0.10880769230769208,44443.732307057464
1.25,13,20261212,16.8,58.622754491017965,6.262189637058261,0.26959037057743607,-0.5224551785714311,0.0880384615384615,24591.768624675224
1.25,14,20261213,17.1,57.588235294117645,6.5364935559673185,0.39993482493324434,-0.5129060714285754,0.10583461538461579,39538.24124629461
1.25,15,20261214,16.7,58.975903614457835,6.565450049442686,0.4005220716789054,-0.5132769642857187,0.10613461538461495,37350.18876879691
1.25,16,20261215,16.9,58.273809523809526,6.573157299371963,0.4174229544392524,-0.5157403571428614,0.1070153846153845,40945.32000661986
1.25,17,20261216,16.9,58.276785714285715,6.391098268205008,0.3700702349799732,-0.5205896428571466,0.09524999999999992,35511.436115441684
1.25,18,20261217,16.9,58.273809523809526,6.396095766758063,0.3498354500166892,-0.5148435714285761,0.09671538461538418,30896.06763330766
1.25,19,20261218,17.0,57.928994082840234,6.515428497989779,0.39537833110814424,-0.5066617857142897,0.10396923076923086,39514.874677127555
1.25,20,20261219,16.9,58.276785714285715,6.582891672507626,0.41594242014352467,-0.5192223214285753,0.10755769230769203,41232.00650021102
1.3,1,20261200,18.0,54.952513966480446,7.01954225901645,0.45724720168557986,-0.4930605357142891,0.12501923076922955,49230.955762410165
1.3,2,20261201,18.1,54.644444444444446,6.994019276231549,0.4264442413217626,-0.49026500000000395,0.12654999999999916,42381.556583254314
1.3,3,20261202,17.9,55.252808988764045,7.076531370269836,0.44644964644526125,-0.48905267857143225,0.13133846153846054,44504.181158850435
1.3,4,20261203,18.3,54.043956043956044,7.156322679174955,0.4961231920894527,-0.4832623214285759,0.13977307692307542,50760.31104196713
1.3,5,20261204,18.3,54.043956043956044,6.9930160900608564,0.41397527603471335,-0.4857866071428607,0.12596923076922986,43538.581465580566
1.3,6,20261205,17.8,55.570621468926554,7.113379513398987,0.4803770482309748,-0.4904753571428615,0.134730769230768,46726.46099380152
1.3,7,20261206,18.0,54.952513966480446,7.137499535584372,0.4858063988651535,-0.4859914285714315,0.13731538461538353,47730.65129039293
1.3,8,20261207,18.2,54.34254143646409,7.11287026162257,0.47917019083778467,-0.4870376785714333,0.13612692307692204,48185.98388032043
1.3,9,20261208,18.2,54.33977900552486,7.111196724539544,0.49639025367156303,-0.484053928571433,0.13553461538461425,51013.25914913085
1.3,10,20261209,18.0,54.94972067039106,7.116014082136453,0.48815311982643517,-0.48277517857143193,0.13479230769230652,48031.35199443932
1.3,11,20261210,18.4,53.74863387978142,7.07976540050925,0.47073869083778275,-0.4880451785714319,0.13619230769230617,48327.10266497813
1.3,12,20261211,18.1,54.644444444444446,7.032496033131094,0.466391036465287,-0.4923021428571456,0.12996153846153716,47523.80178171912
1.3,13,20261212,18.0,54.94972067039106,7.073389203933644,0.4547198020694264,-0.48573125000000444,0.1325192307692299,45259.30226281761
1.3,14,20261213,18.1,54.647222222222226,6.929799944480079,0.42401353137516673,-0.48896410714286004,0.12096923076922998,44045.85414626899
1.3,15,20261214,17.9,55.258426966292134,6.9654812912556485,0.40017535213618183,-0.49556821428571673,0.12187307692307618,42041.23279858659
1.3,16,20261215,18.0,54.94692737430167,7.026279831716626,0.4580709004506018,-0.48450785714285993,0.1286423076923066,48208.02743682236
1.3,17,20261216,17.8,55.57344632768361,7.175516094079387,0.4980524534379173,-0.4877462500000033,0.1379384615384605,49254.513453932996
1.3,18,20261217,18.4,53.74863387978142,7.0549449415159176,0.4936025357142866,-0.4930439285714323,0.13480769230769105,49895.11921570565
1.3,19,20261218,17.7,55.88636363636363,7.067067488796118,0.4282386561248333,-0.4929166071428583,0.1255423076923067,45195.27471915254
1.3,20,20261219,17.9,55.258426966292134,7.155854729772005,0.4820244274866487,-0.49407910714285835,0.1356038461538448,48585.545716276196
1.35,1,20261200,19.4,50.01036269430052,7.038767399485138,0.6050055367990651,-0.4753850000000045,0.13271153846153688,56052.86790979553
1.35,2,20261201,19.1,50.79736842105263,7.052384274078171,0.5269106192423239,-0.4761212500000042,0.13001538461538312,52431.14044945268
1.35,3,20261202,19.3,50.268229166666664,7.0045222928152056,0.6020476662216282,-0.4752742857142892,0.12946153846153705,60643.8252118478
1.35,4,20261203,18.9,51.340425531914896,7.053361686806327,0.5646766794893195,-0.47459892857143343,0.13009999999999866,54946.5789687827
1.35,5,20261204,19.5,49.75257731958763,7.170483103090264,0.7005206032209634,-0.47477607142857586,0.143703846153845,68458.84320753183
1.35,6,20261205,19.3,50.268229166666664,7.077559527007679,0.6191518878504676,-0.47651982142857513,0.1353615384615372,63340.336139171544
1.35,7,20261206,19.2,50.53664921465968,7.088624380303413,0.6021541875000003,-0.4757448214285755,0.1353269230769219,58471.88368388028
1.35,8,20261207,18.8,49.23262032085562,7.163442847585153,0.6607641538718296,-0.4790275000000037,0.14135769230769055,63261.86456480643
1.35,9,20261208,19.0,51.07142857142857,6.971099969760625,0.516933637850468,-0.47914928571428955,0.1274461538461525,48785.39656593768
1.35,10,20261209,17.3,50.64244186046512,7.036089860479314,0.5238384242323101,-0.48608553571429075,0.12484999999999873,47860.33631723915
1.35,11,20261210,18.8,51.61497326203209,7.051796559338762,0.5251885526535383,-0.47116678571429,0.12993461538461398,51323.35120334235
1.35,12,20261211,19.7,49.24234693877551,7.127826130519682,0.7046509388351138,-0.4750085714285742,0.14193076923076808,68545.18084704738
1.35,13,20261212,19.5,49.75257731958763,7.1098560248529505,0.6150194872329782,-0.4774332142857186,0.13803461538461398,59808.30096062287
1.35,14,20261213,19.2,50.531413612565444,7.032371353899995,0.5839165897029381,-0.4770733928571466,0.12974230769230646,59617.3111705313
1.35,15,20261214,19.5,49.74742268041237,7.042527751912236,0.5864603631508691,-0.4729769642857179,0.13387307692307585,54809.88491682849
1.35,16,20261215,19.0,51.06349206349206,7.14315478423026,0.6070099240654213,-0.48252607142857606,0.1361230769230758,60087.1342598043
1.35,17,20261216,19.0,51.06878306878307,7.10253500389231,0.6281835180240328,-0.47798125000000374,0.13376923076922917,59849.57166867895
1.35,18,20261217,19.1,50.79736842105263,7.107092188194666,0.6160303337783719,-0.4777875000000038,0.13504615384615226,61068.47453676347
1.35,19,20261218,19.4,50.00777202072539,7.065538860837599,0.5993382356475313,-0.470906607142861,0.13389230769230637,56431.330118168196
1.35,20,20261219,19.6,49.4974358974359,7.177941413959769,0.6901543961114837,-0.47015375000000376,0.14308846153846003,69499.2358367572
1.4,1,20261200,13.8,70.72262773722628,7.452266461372828,0.3005713049899871,-0.4928778571428608,0.12766153846153627,24498.805718997304
1.4,2,20261201,13.0,75.10852713178295,7.226937823445666,0.17688317873831771,-0.4970019642857195,0.1111269230769232,14129.10833111023
1.4,3,20261202,14.8,65.91156462585035,7.553859458950065,0.4058898925233648,-0.501762678571432,0.1405192307692281,37060.06615180813
1.4,4,20261203,14.1,69.20357142857142,7.598401605540418,0.37277756400200257,-0.5003012500000042,0.14101153846153638,31348.755019082313
1.4,5,20261204,13.7,71.24632352941177,7.426962123255941,0.29973618474632874,-0.50162428571429,0.12746923076922897,23551.017293168126
1.4,6,20261205,14.5,67.28472222222223,7.489028297580777,0.36009232159546045,-0.4978323214285753,0.13500384615384403,31734.651815147787
1.4,7,20261206,14.5,67.28472222222223,7.507744942805425,0.37930335831108175,-0.5026483928571469,0.13691923076922857,33716.73520762416
1.4,8,20261207,15.9,61.322784810126585,7.556878614991986,0.46754679873164323,-0.4904089285714321,0.14766923076922814,43645.38856900352
1.4,9,20261208,14.6,66.82413793103449,7.509942771549344,0.3597100035881176,-0.49076875000000364,0.13539230769230545,33878.27455884974
1.4,10,20261209,15.2,64.16225165562913,7.523677983718389,0.4282870831942597,-0.4993933928571474,0.14011153846153612,36920.48151753357
1.4,11,20261210,16.5,59.076219512195124,7.492750249252505,0.4232986381842454,-0.5003400000000049,0.14698846153845943,38162.36328595121
1.4,12,20261211,15.7,62.10897435897436,7.546270381361645,0.44786218182576815,-0.4985187500000049,0.147096153846151,41485.53079559304
1.4,13,20261212,14.8,65.91156462585035,7.457276553238088,0.3820154752169557,-0.5017792857142904,0.13637692307692115,34856.10476666577
1.4,14,20261213,15.8,61.71337579617835,7.488810630590172,0.4419465503170895,-0.4912614285714327,0.14240769230769015,39804.983448293584
1.4,15,20261214,15.0,65.02348993288591,7.4830878099927665,0.40251982535046743,-0.49749464285714673,0.13725384615384406,36993.07448250635
1.4,16,20261215,16.4,59.438650306748464,7.467903391916286,0.4494802672730313,-0.5063351785714327,0.14673076923076683,41166.3025146136
1.4,17,20261216,16.2,60.17701863354037,7.560877551508593,0.4561967911381839,-0.49454964285714725,0.14827692307692084,43917.07039128194
1.4,18,20261217,16.8,58.01796407185629,7.5577219950154495,0.5073824857309754,-0.5001739285714323,0.15526153846153587,48382.54249926135
1.4,19,20261218,15.7,62.10897435897436,7.384826298442899,0.35150991188251,-0.5035562500000051,0.1353730769230747,32022.776524993067
1.4,20,20261219,14.6,66.82068965517242,7.605731113397786,0.42088660463951927,-0.4934092857142902,0.14292692307692054,37328.391230132554
1.45,1,20261200,19.1,51.08157894736842,7.461128958251043,0.5931466612149545,-0.4837826785714315,0.14228461538461346,52197.35265911606
1.45,2,20261201,20.5,47.575980392156865,7.251968205134568,0.6071962677736995,-0.47963642857143257,0.1390230769230748,55379.15032848991
1.45,3,20261202,19.9,49.015151515151516,7.228777849042001,0.5865887953938578,-0.4799962500000038,0.13429999999999803,54272.318115170405
1.45,4,20261203,20.1,48.5275,7.298739746411819,0.600785930907879,-0.47927660714286047,0.14008846153845933,53540.68188514391
1.45,5,20261204,19.7,49.515306122448976,7.265250178273273,0.5681956644692919,-0.47901642857143206,0.13516153846153678,50956.61162101085
1.45,6,20261205,19.3,50.549479166666664,7.345897097948518,0.5752523108311083,-0.48361107142857573,0.13599999999999798,52769.28221262775
1.45,7,20261206,20.5,47.575980392156865,7.238548847138045,0.5740984856475301,-0.4770069642857172,0.13783846153845927,54845.20579943844
1.45,8,20261207,19.9,49.01262626262626,7.3363018755316425,0.6046439419225645,-0.48080446428571805,0.14045769230769037,54421.52717350849
1.45,9,20261208,19.8,49.263959390862944,7.324044664423478,0.6139808636515361,-0.48167910714286044,0.1404461538461519,53897.8098163733
1.45,10,20261209,19.3,50.549479166666664,7.415844115262765,0.6492182816255013,-0.4847348214285742,0.14194999999999763,56374.6663100053
1.45,11,20261210,20.3,48.0470297029703,7.354184955983966,0.6644466030540725,-0.4800294642857184,0.14459230769230566,61982.71815377039
1.45,12,20261211,19.5,50.02577319587629,7.4229750528954686,0.6373142500834449,-0.4827917857142891,0.1413769230769206,57359.98858471368
1.45,13,20261212,19.4,50.28756476683938,7.413422875015171,0.6383711480307082,-0.48329553571428996,0.14177692307692058,57020.993710743714
1.45,14,20261213,19.8,49.266497461928935,7.293837777090573,0.6214979326602148,-0.4798910714285747,0.13709615384615206,57555.036616088175
1.45,15,20261214,19.9,49.015151515151516,7.330338308032229,0.6326235493157562,-0.4812971428571459,0.14084999999999764,56669.89155320891
1.45,16,20261215,20.5,47.575980392156865,7.268191616257008,0.6067634394192265,-0.48022321428571724,0.1397999999999978,56162.36421496274
1.45,17,20261216,18.7,52.18010752688172,7.431892733808001,0.5842414713785045,-0.48691035714286063,0.13807692307692113,52782.58841957966
1.45,18,20261217,19.5,50.02577319587629,7.363559482314604,0.5914294738818424,-0.48242642857143103,0.1373884615384595,57412.7360725333
1.45,19,20261218,19.3,50.549479166666664,7.41894121064197,0.6354408900200288,-0.4817953571428613,0.142503846153844,57211.5133176069
1.45,20,20261219,20.0,48.768844221105525,7.299812273033334,0.5995068349465967,-0.48047232142857454,0.13939230769230562,51513.23857778354
1.5,1,20261200,20.1,44.9325,7.576349868966554,0.7520666500333792,-0.4754237500000045,0.15554615384615203,71472.70881368157
1.5,2,20261201,21.4,44.90845070422535,7.566928821871709,0.8546792791221618,-0.47344750000000424,0.15879230769230632,83138.21399684221
1.5,3,20261202,20.7,45.140776699029125,7.607104782714578,0.7926196789886525,-0.47439410714286123,0.1593769230769214,73723.11484448271
1.5,4,20261203,20.3,43.82920792079208,7.635909810190292,0.8884927036882504,-0.4793596428571461,0.1637307692307677,83064.30185936735
1.5,5,20261204,22.0,43.68036529680365,7.594796672334073,0.899089880507343,-0.4728828571428615,0.16499999999999826,90444.71901531922
1.5,6,20261205,21.2,44.476303317535546,7.42596836254362,0.7602024342456619,-0.475728214285718,0.14855384615384487,71652.8257700966
1.5,7,20261206,20.8,44.92028985507246,7.601788348733666,0.8120019282376493,-0.4729935714285749,0.1574230769230749,74377.85836685116
1.5,8,20261207,20.0,44.494974874371856,7.642387354883722,0.8368218795060081,-0.4782303571428606,0.16481538461538298,76351.33711929308
1.5,9,20261208,21.1,44.68809523809524,7.388068247620504,0.7101030410547401,-0.4726282142857182,0.1468807692307682,65053.3465514096
1.5,10,20261209,21.3,44.261792452830186,7.727387785137931,0.9201263070761019,-0.4700042857142898,0.16913461538461316,91083.19053561939
1.5,11,20261210,20.6,43.19024390243902,7.639256388873228,0.8294913186749007,-0.4759330357142894,0.16335384615384493,78443.20400900384
1.5,12,20261211,21.4,43.65492957746479,7.723730470179845,0.850394123080775,-0.47187535714286094,0.16738076923076697,84653.85089633272
1.5,13,20261212,20.1,44.935,7.780657458805092,0.85857647037717,-0.4717535714285751,0.16898846153845948,83062.23881170036
1.5,14,20261213,19.9,44.71969696969697,7.650397717688892,0.8429862068591474,-0.47971392857143347,0.16079999999999844,75551.20817557059
1.5,15,20261214,22.2,45.09954751131222,7.60687918927803,0.8667283177570091,-0.4649225000000035,0.16297307692307525,83838.13653017697
1.5,16,20261215,19.1,45.89736842105263,7.474849085590607,0.6942002676068101,-0.47981357142857517,0.14419999999999902,61737.15392135073
1.5,17,20261216,19.9,44.717171717171716,7.575526319001752,0.7394176639686253,-0.47658071428571785,0.15427307692307535,72786.51579100278
1.5,18,20261217,19.9,43.371212121212125,7.553049629314869,0.7869515920393871,-0.48154071428571826,0.15553461538461444,70939.98095838423
1.5,19,20261218,20.5,44.931372549019606,7.725460921535476,0.8747960116822445,-0.4726282142857188,0.16918461538461296,85096.75995289662
1.5,20,20261219,19.7,45.173469387755105,7.616585889922354,0.814717316255008,-0.47571160714286026,0.15928076923076764,73286.30149247037
1.55,1,20261200,15.6,46.05161290322581,7.636417428393185,0.5344377391522029,-0.4998971428571479,0.13877307692307533,39472.58010527553
1.55,2,20261201,15.5,42.996753246753244,7.691752377966506,0.6089296096461945,-0.5033735714285765,0.14788461538461373,45199.34262498365
1.55,3,20261202,16.1,44.609375,7.7764038488233655,0.6615322620160218,-0.4979596428571477,0.15205769230769087,52062.847640114414
1.55,4,20261203,19.4,43.443005181347154,7.552227633075164,0.6757319376668895,-0.47537392857143257,0.14603076923076752,56627.67680901743
1.55,5,20261204,16.2,44.338509316770185,7.783240520680361,0.6667037978971971,-0.5014360714285759,0.15368461538461362,51994.60597256981
1.55,6,20261205,18.5,43.46467391304348,7.671590905611102,0.6755600307076094,-0.4862183928571468,0.1508884615384597,57889.99831268925
1.55,7,20261206,15.9,45.18037974683544,7.678028162281236,0.5983086396028047,-0.5067337500000042,0.14016153846153703,47219.79622466806
1.55,8,20261207,18.0,44.675977653631286,7.662212156639632,0.6607142831275046,-0.4857589285714323,0.14716538461538267,52984.395765870315
1.55,9,20261208,18.1,42.99722222222222,7.610932893743241,0.6440207413217631,-0.48269214285714707,0.1483884615384595,55197.190570001534
1.55,10,20261209,17.6,44.22571428571428,7.679991125707182,0.6868787525867837,-0.48937375000000494,0.150099999999998,55986.35609688333
1.55,11,20261210,19.4,42.77979274611399,7.490274746372834,0.6476860308744995,-0.48498392857143274,0.1425346153846134,52564.463709211734
1.55,12,20261211,15.4,46.650326797385624,7.781007467257815,0.5924930785213626,-0.5042925000000057,0.14782307692307517,44758.189623140686
1.55,13,20261212,16.1,44.609375,7.7924752555419925,0.6699588279372497,-0.5007939285714336,0.15422692307692165,53355.75170679809
1.55,14,20261213,18.5,44.869565217391305,7.649337080950162,0.6593656532042732,-0.48464625000000416,0.1461730769230751,55886.16598736383
1.55,15,20261214,19.1,43.455263157894734,7.705024328720616,0.7196097133678236,-0.4816957142857188,0.15486153846153677,62065.480618055466
1.55,16,20261215,20.0,42.550251256281406,7.595360156653549,0.7124649845627509,-0.47565625000000344,0.15254999999999833,61614.17214232896
1.55,17,20261216,18.3,43.94505494505494,7.636155561215001,0.6569109490153543,-0.48276964285714685,0.14883076923076763,53309.39842304433
1.55,18,20261217,18.0,43.237430167597765,7.707250620916122,0.7145732433244313,-0.48550982142857585,0.1561999999999982,60553.038183396086
1.55,19,20261218,16.3,44.06481481481482,7.860432927964786,0.6846938694092128,-0.49707946428571903,0.1562269230769215,53671.30781295878
1.55,20,20261219,15.6,46.05161290322581,7.746615340373073,0.600632042473298,-0.4996535714285761,0.1466230769230751,45692.142757249516
1.6,1,20261200,21.2,41.492890995260666,7.941791783557116,0.8955759209779717,-0.46213250000000405,0.17461538461538292,74571.06243732985
1.6,2,20261201,22.3,41.12162162162162,7.915287301249335,0.9177425805240326,-0.45603767857143146,0.173223076923075,78652.03197350679
1.6,3,20261202,22.4,41.29372197309417,7.9127223598469225,0.8594815631675589,-0.45422196428571676,0.17483461538461348,74107.61703279197
1.6,4,20261203,22.7,40.39823008849557,7.912269833407934,0.8920868511348466,-0.45396178571428936,0.17624230769230584,77686.52243119934
1.6,5,20261204,21.5,41.495327102803735,8.071287782329499,0.9952959189752999,-0.4482267857142887,0.1801038461538438,89214.26386646803
1.6,6,20261205,21.7,41.1087962962963,7.85942197491291,0.8711686414385865,-0.46177821428571786,0.16864230769230645,72284.5067641888
1.6,7,20261206,21.6,41.665116279069764,7.787924610741584,0.801909105640855,-0.4582242857142891,0.16338461538461382,63184.927861448
1.6,8,20261207,19.3,45.598958333333336,8.006815959712302,0.7487813393691586,-0.46521589285714615,0.16121153846153669,61129.151102490774
1.6,9,20261208,22.7,40.74778761061947,7.886201051985464,0.8806912855473964,-0.4551242857142888,0.17270769230769015,78472.13992267844
1.6,10,20261209,20.2,43.55721393034826,8.163512565166888,0.9965739184746323,-0.46602964285714643,0.18045384615384452,82473.63222858815
1.6,11,20261210,22.9,40.041666666666664,7.887959640412905,0.9276012719459271,-0.4498653571428603,0.176311538461537,82748.0154967257
1.6,12,20261211,22.4,40.94170403587444,7.8481927985838045,0.9126981245827774,-0.45348017857143225,0.17239230769230637,76658.39618620904
1.6,13,20261212,23.3,42.92672413793103,7.921900774004028,0.9050052744492667,-0.4388326785714324,0.17411538461538334,78727.3786019677
1.6,14,20261213,22.2,41.30995475113122,7.906619841530191,0.9231646396862477,-0.4555837500000035,0.17408461538461417,76529.16068441884
1.6,15,20261214,22.4,40.93946188340807,7.872879218171576,0.877673877086114,-0.4549360714285756,0.1711615384615364,76745.45296393085
1.6,16,20261215,22.9,40.38815789473684,7.827775196771274,0.9536210815253666,-0.4530041071428604,0.17049999999999846,80527.86032193855
1.6,17,20261216,22.1,41.5,7.797048803065544,0.910290623080775,-0.45474232142857446,0.16859615384615217,72815.59867988624
1.6,18,20261217,22.8,40.21806167400881,7.891999188079573,0.9540334425901194,-0.4536739285714324,0.17708461538461348,83275.35964505325
1.6,19,20261218,22.8,40.56607929515418,7.928344953371301,0.9863924652036056,-0.4524726785714318,0.17879999999999824,86870.41147328746
1.6,20,20261219,22.5,40.75892857142857,7.7755890705938535,0.8801795484813094,-0.45443232142857526,0.16678846153846041,73403.07369305605
1.65,1,20261200,24.1,41.50833333333333,8.030026952211864,1.0541020972129493,-0.4484758928571454,0.18185769230769058,98633.74438735988
1.65,2,20261201,23.1,38.91304347826087,7.9336155111164075,0.9886584317423218,-0.46108625000000414,0.17649230769230545,91374.31991933213
1.65,3,20261202,25.2,39.20318725099602,8.126602866190822,1.152038078521363,-0.4451433928571456,0.1918384615384597,122539.01630890687
1.65,4,20261203,25.3,39.04761904761905,8.030271846735232,1.1327502163718255,-0.44386464285714683,0.18725769230769013,115690.11308274453
1.65,5,20261204,25.5,38.74212598425197,8.01219381572096,1.106692176819092,-0.45322000000000334,0.18831538461538205,119865.00390901101
1.65,6,20261205,25.6,38.588235294117645,8.037617698820707,1.186068767022696,-0.4517364285714315,0.1908384615384595,124947.23369747536
1.65,7,20261206,25.6,38.588235294117645,8.071915994158893,1.205282800734312,-0.4544821428571472,0.19182692307692095,131319.32682249104
1.65,8,20261207,24.3,40.66115702479339,8.057089881749722,1.131491880090118,-0.4533141071428606,0.1840384615384592,114943.69453734394
1.65,9,20261208,22.5,39.953125,7.956386368738854,1.063918026618826,-0.4657860714285751,0.1772692307692288,94098.04270460765
1.65,10,20261209,25.2,39.20318725099602,8.075692639188471,1.1486234401702278,-0.44609553571428867,0.19125384615384414,119001.88163498041
1.65,11,20261210,24.6,40.16326530612245,7.863425682960765,1.0070363766688917,-0.45079535714286,0.17418076923076745,97734.46670417595
1.65,12,20261211,22.6,39.23777777777778,7.768993721891435,0.8798538627336442,-0.46678250000000426,0.16095769230769022,77718.22964871026
1.65,13,20261212,24.6,40.16326530612245,7.906289333894018,1.0147615176068083,-0.4580637500000029,0.17478846153845998,100317.40256501187
1.65,14,20261213,25.7,38.4375,8.111247811457723,1.217293335280372,-0.44962732142857464,0.1936999999999976,132449.8604406471
1.65,15,20261214,25.2,39.20318725099602,8.120584799098767,1.1321198603971971,-0.44324464285714593,0.19250769230769,119929.10183619757
1.65,16,20261215,24.4,40.49588477366255,7.868473575263965,0.9822496116488654,-0.4551741071428603,0.17150384615384448,92930.65990240962
1.65,17,20261216,22.6,39.23777777777778,7.864915885046398,0.9909001847463289,-0.4640201785714322,0.17094230769230606,87233.47363069344
1.65,18,20261217,24.9,39.67943548387097,8.072035842923459,1.0826961253337797,-0.4559214285714328,0.18610384615384395,112701.03969719983
1.65,19,20261218,25.6,38.590196078431376,8.093965508822157,1.195903318007342,-0.45080642857143194,0.1931923076923053,129596.08746433478
1.65,20,20261219,25.5,38.74015748031496,8.07487707682399,1.2452499352469961,-0.45105553571428875,0.1914615384615366,133458.0403602492
1.7,1,20261200,25.9,38.242248062015506,8.202245917403758,1.2661011693925233,-0.4394692857142899,0.19716923076922874,139404.57579051453
1.7,2,20261201,25.6,38.6921568627451,8.112680285455923,1.2885385453938578,-0.4409694642857175,0.19169615384615213,131190.32283604954
1.7,3,20261202,25.1,39.464,8.17600722101299,1.252114737316422,-0.4428848214285754,0.19300769230769063,127374.21883141997
1.7,4,20261203,25.6,38.6921568627451,8.16341152088189,1.2745480929572748,-0.4340719642857183,0.19511538461538278,132493.1410358145
1.7,5,20261204,25.0,39.626506024096386,8.225085129498162,1.3017288547229628,-0.4383123214285747,0.19667307692307565,136031.94764120644
1.7,6,20261205,25.9,38.24031007751938,8.184917716344968,1.281666780791054,-0.4375207142857177,0.19820384615384404,137588.8981142765
1.7,7,20261206,25.2,39.30677290836653,8.247519196645175,1.2551926887516673,-0.439901071428575,0.19891538461538247,129248.94736744711
1.7,8,20261207,25.8,38.38910505836576,8.063223138658195,1.2219498447096115,-0.44305642857143174,0.18645384615384436,120912.87062725164
1.7,9,20261208,24.7,40.107723577235774,7.941265133053991,1.0577082143691587,-0.4456858928571463,0.17218846153845965,96338.7595977941
1.7,10,20261209,24.9,39.784274193548384,8.282177210715451,1.2804979889018682,-0.44139571428571717,0.19832307692307458,129766.65141786587
1.7,11,20261210,25.4,38.99802371541502,8.113238263163462,1.2150051836615476,-0.44455660714286066,0.1904192307692292,123485.87486157483
1.7,12,20261211,25.6,38.6921568627451,8.149108522700166,1.2530289490153521,-0.4366903571428605,0.1905461538461522,128609.30987879954
1.7,13,20261212,25.6,38.6921568627451,8.050220340332242,1.161433295477302,-0.43965196428571734,0.18606923076922896,110841.7706970043
1.7,14,20261213,26.4,37.51330798479088,8.144096792638372,1.2607314297396504,-0.43504625000000313,0.19598076923076743,138021.42636727233
1.7,15,20261214,25.7,38.5390625,8.036832829660819,1.1425589274032024,-0.44172232142857504,0.1845038461538437,108837.9399636472
1.7,16,20261215,25.7,38.541015625,8.157961853715717,1.2268341441088115,-0.44089750000000466,0.1935499999999981,127694.23020926504
1.7,17,20261216,25.2,39.30677290836653,8.219581791221078,1.2462896552903835,-0.4338616071428608,0.1960384615384593,126934.8077894398
1.7,18,20261217,25.3,39.15277777777778,8.190865597025827,1.24145073114152,-0.43690071428571753,0.19498076923076751,129523.72473653719
1.7,19,20261218,26.1,37.94615384615385,8.162556916829676,1.275351159963284,-0.43882714285714647,0.19634999999999767,136689.43768402594
1.7,20,20261219,24.9,39.784274193548384,8.265430388373568,1.2653341394359152,-0.4381850000000035,0.1967615384615366,131093.7608099419
1.75,1,20261200,26.7,37.142857142857146,8.076805893929086,1.1031030000000002,-0.44541464285714627,0.19052307692307524,109254.96928758168
1.75,2,20261201,26.8,37.00187265917603,8.028695480068162,1.1127741598798406,-0.44838178571428905,0.18810384615384407,112290.46039169232
1.75,3,20261202,26.4,37.56463878326996,8.075242135957835,1.0933219929072084,-0.4481271428571463,0.19091923076922887,106535.30860251159
1.75,4,20261203,26.3,37.70610687022901,8.071611382708525,1.0398439801401873,-0.4506348214285746,0.18780384615384438,101504.13110303135
1.75,5,20261204,26.3,37.70610687022901,8.096928083386707,1.115921261515356,-0.4484703571428612,0.19024615384615193,107327.32002870624
1.75,6,20261205,26.1,37.99807692307692,8.058401613500452,1.0089247034379167,-0.44817142857143244,0.18389615384615166,100180.25306998916
1.75,7,20261206,26.0,38.142857142857146,7.90443099761011,0.996063917473297,-0.44628928571428916,0.17891153846153693,96258.61764144321
1.75,8,20261207,26.7,37.1390977443609,8.081909988978799,1.109324361648865,-0.4504908928571466,0.18954230769230593,111523.60827902635
1.75,9,20261208,26.5,37.42045454545455,8.015716874429977,1.0122913715787711,-0.4458962500000035,0.18377692307692137,103309.06557025781
1.75,10,20261209,26.6,37.27735849056604,8.09866946603341,1.122623019692924,-0.4508507142857177,0.18949615384615182,112408.17130995383
1.75,11,20261210,26.3,37.70610687022901,8.057531456539227,1.098164645026702,-0.4480275000000034,0.18919230769230583,104275.6632067392
1.75,12,20261211,26.0,38.14478764478765,8.104215524935269,1.0345874501835781,-0.4524560714285748,0.18671538461538292,102440.7380710373
1.75,13,20261212,26.4,37.56463878326996,8.056953333321529,1.100551441672229,-0.4480994642857177,0.1865076923076907,107294.97637787844
1.75,14,20261213,25.9,38.28875968992248,8.121849863341481,1.0351179915720965,-0.45439357142857534,0.18633076923076797,100314.18452738426
1.75,15,20261214,26.2,37.85249042145594,8.10284790850895,1.0567072908044057,-0.44812160714286003,0.18844230769230572,102041.92193003134
1.75,16,20261215,26.4,37.56463878326996,8.103752206741417,1.1138145012516658,-0.44920107142857496,0.19182307692307513,111097.18636335855
1.75,17,20261216,26.4,37.56463878326996,8.089047699031843,1.1212341861648851,-0.44640000000000346,0.18994999999999856,114611.99971997483
1.75,18,20261217,26.5,37.422348484848484,8.113217235685344,1.0970986829939917,-0.44183303571428933,0.18939615384615202,108710.3950800555
1.75,19,20261218,25.8,38.43968871595331,8.122714076726236,1.0212933424566089,-0.45258892857143246,0.18596923076922955,99734.65383686889
1.75,20,20261219,26.6,37.281132075471696,8.095253711171239,1.0724057933911886,-0.45134892857143194,0.18954999999999778,106642.94011872567
1.8,1,20261200,27.4,36.18315018315018,8.487421224644855,1.4771099171395188,-0.4316473214285741,0.21226538461538286,152610.60640898527
1.8,2,20261201,27.4,34.81684981684982,8.405296718368252,1.3727497652703586,-0.4407646428571463,0.20712692307692104,141833.44632434731
1.8,3,20261202,27.7,35.78804347826087,8.425170368366713,1.400932857726964,-0.43314750000000324,0.2069807692307674,143164.40201818047
1.8,4,20261203,27.9,35.530575539568346,8.423569747479275,1.448879366154872,-0.42913410714286054,0.20981923076922945,152437.16890768835
1.8,5,20261204,27.9,35.530575539568346,8.497816691541546,1.5035884133010673,-0.4313705357142888,0.2145538461538441,161314.50607555988
1.8,6,20261205,27.8,35.65884476534296,8.438924572790722,1.460199659629503,-0.4304737500000034,0.20879615384615213,149225.80348651647
1.8,7,20261206,27.2,36.44649446494465,8.484684517289473,1.4849042265520678,-0.43741000000000313,0.21022692307692065,151007.17556946026
1.8,8,20261207,27.5,36.0492700729927,8.473930129338761,1.5021832242156181,-0.431276428571432,0.2115884615384597,157129.35210680138
1.8,9,20261208,27.4,36.18131868131868,8.430243505323704,1.4192978278538007,-0.4347639285714325,0.20673461538461319,144834.19088318176
1.8,10,20261209,25.4,36.26482213438735,8.409148868285804,1.2907391445260332,-0.44922875000000295,0.19809230769230635,114732.58025735561
1.8,11,20261210,27.5,34.691605839416056,8.444822836471108,1.3920605069259004,-0.4382126785714319,0.20922692307692115,144136.42705477992
1.8,12,20261211,25.5,36.55905511811024,8.389434761314499,1.2047814617823744,-0.4477562500000025,0.19289230769230611,107134.58007303951
1.8,13,20261212,27.6,35.916363636363634,8.401217953645421,1.4035223719125491,-0.43634714285714654,0.20556538461538315,141595.27208019493
1.8,14,20261213,25.9,35.99031007751938,8.423673564502762,1.3340331821595441,-0.4441801785714319,0.19774230769230589,125478.13973815841
1.8,15,20261214,28.1,35.276785714285715,8.429423325470818,1.508486345377167,-0.4339889285714319,0.21183076923076768,159458.59125143732
1.8,16,20261215,27.1,36.58148148148148,8.470056232062502,1.436943939252334,-0.43934196428571776,0.20951538461538324,142261.28198982406
1.8,17,20261216,25.2,36.55378486055777,8.382618365510593,1.2643954949098795,-0.44922875000000306,0.194576923076922,110288.873431052
1.8,18,20261217,27.6,35.91818181818182,8.433168272134367,1.4040481254172208,-0.4336678571428607,0.20807307692307508,142564.88195167336
1.8,19,20261218,27.4,36.18131868131868,8.443141348712919,1.459501962616821,-0.43779196428571765,0.20848076923076805,145008.99836906264
1.8,20,20261219,27.5,34.68978102189781,8.457896916980012,1.462319230223632,-0.4381517857142897,0.20861538461538298,153222.31579520312
1.85,1,20261200,27.7,35.73731884057971,8.436228342520732,1.3387507645193568,-0.43496875000000257,0.20504615384615227,137174.80252126974
1.85,2,20261201,27.6,35.86909090909091,8.453741054199325,1.277486665804404,-0.4307394642857175,0.20403461538461315,132403.28925428083
1.85,3,20261202,27.2,36.398523985239855,8.383734706083054,1.2747707112817093,-0.43481375000000333,0.19974230769230525,128298.80043634327
1.85,4,20261203,28.7,34.48601398601399,8.4159799555719,1.3432755523197588,-0.43070625000000284,0.20864615384615234,143886.42522860476
1.85,5,20261204,27.4,36.13003663003663,8.416571122272694,1.319144014686247,-0.43116571428571715,0.20425384615384476,132114.5423594951
1.85,6,20261205,27.7,35.73913043478261,8.431926212254757,1.2748846885013345,-0.43160303571428815,0.20170769230769062,132965.92404038698
1.85,7,20261206,28.2,35.10320284697509,8.385585047220237,1.2470453368658188,-0.43273785714285967,0.20329999999999823,132268.46272521123
1.85,8,20261207,27.2,36.398523985239855,8.391783917864263,1.212903814335779,-0.43586553571428904,0.19773461538461348,123955.26923113856
1.85,9,20261208,27.4,36.13003663003663,8.385850301108695,1.259320995911213,-0.4333135714285737,0.1997884615384603,128649.99410539691
1.85,10,20261209,27.6,35.86727272727273,8.330107071800523,1.2637654495994652,-0.4353562500000029,0.1964923076923061,130601.82157108169
1.85,11,20261210,27.3,36.26470588235294,8.446519101286293,1.2880790181909203,-0.4330755357142889,0.20158076923076723,133064.14080251558
1.85,12,20261211,27.6,35.86727272727273,8.355611906318229,1.2078730824432555,-0.4323116071428599,0.19593076923076763,128398.44933352363
1.85,13,20261212,27.2,36.398523985239855,8.336235619878797,1.2198996801568733,-0.43448160714285994,0.19467307692307562,125896.25033987837
1.85,14,20261213,28.0,35.35304659498208,8.409270249252634,1.2867770244492671,-0.43304785714286,0.20281153846153652,134944.46094619753
1.85,15,20261214,27.5,35.99817518248175,8.382599871703901,1.2533209368324416,-0.43278214285714584,0.199999999999998,128415.78660981664
1.85,16,20261215,27.3,36.26470588235294,8.372994151395805,1.1910388645694252,-0.4326326785714316,0.19792307692307504,117497.87251755038
1.85,17,20261216,27.4,36.13003663003663,8.392529801893545,1.2791300977970628,-0.43240571428571756,0.20073461538461368,130121.90409543192
1.85,18,20261217,27.5,36.0,8.344489483091719,1.2667098336949236,-0.4367955357142883,0.19791923076922904,128398.68408480828
1.85,19,20261218,27.9,35.48021582733813,8.397092875206475,1.2882890637516673,-0.428403392857146,0.20293846153845976,132565.41025874045
1.85,20,20261219,28.0,35.35304659498208,8.402634380208436,1.2930684134679549,-0.43003089285714596,0.20464999999999847,138868.18901283378
1.9,1,20261200,29.8,33.22895622895623,8.437280611379846,1.237415586698932,-0.43540053571428905,0.21133076923076846,127395.13966569798
1.9,2,20261201,30.1,32.89666666666667,8.542425334984175,1.3068181742323075,-0.4325551785714316,0.21894999999999817,143023.4154206035
1.9,3,20261202,29.7,33.34121621621622,8.566705814975839,1.3402605012516697,-0.43215660714285997,0.2206653846153839,144954.1531704376
1.9,4,20261203,29.1,34.105172413793106,8.540729799655647,1.266954034045392,-0.4240301785714314,0.2176153846153833,134618.4376538359
1.9,5,20261204,29.8,33.22895622895623,8.547622745024595,1.362262070176899,-0.42998107142857434,0.2206192307692292,147111.21204045689
1.9,6,20261205,29.9,33.191275167785236,8.547334201478886,1.3366532510847746,-0.43439303571428917,0.21947692307692146,144435.61533764208
1.9,7,20261206,29.7,33.34121621621622,8.531638740929628,1.3252833427069386,-0.43322500000000247,0.21951153846153715,142527.4656335169
1.9,8,20261207,29.9,33.11744966442953,8.548774158179539,1.330578504672897,-0.42786642857143153,0.2206653846153832,148231.8023395953
1.9,9,20261208,29.9,33.11577181208054,8.509024079980463,1.2835098785046704,-0.4345535714285748,0.21641923076922953,137912.19366273808
1.9,10,20261209,29.7,33.413851351351354,8.462781827705552,1.2628913318591446,-0.4336014285714323,0.21188076923076807,131022.53367673772
1.9,11,20261210,29.1,34.03103448275862,8.525664957806546,1.3071463818424551,-0.441384642857147,0.21570769230769152,135430.2242761736
1.9,12,20261211,29.7,33.413851351351354,8.536060572946674,1.3483597732810377,-0.42880750000000334,0.21981538461538336,144271.28455357248
1.9,13,20261212,29.6,33.454237288135594,8.55354741169558,1.3635852987316412,-0.43077821428571694,0.22030769230769137,148248.1509810832
1.9,14,20261213,30.1,32.89666666666667,8.515678945129526,1.3492292858811747,-0.43245553571428863,0.21954999999999864,147721.06237539236
1.9,15,20261214,29.6,33.52881355932203,8.564031704952946,1.297902220794391,-0.4287632142857182,0.2185923076923061,141036.3571439014
1.9,16,20261215,29.5,33.56802721088435,8.52330207976733,1.3182153114152189,-0.43532857142857495,0.2180307692307681,141048.42195338808
1.9,17,20261216,29.5,33.64115646258504,8.548239463098371,1.338651479889853,-0.4309553571428603,0.2179615384615375,143822.8248540133
1.9,18,20261217,29.5,33.56802721088435,8.538187643436105,1.3312181440253634,-0.4282483928571459,0.21879230769230634,141492.89129860123
1.9,19,20261218,29.4,33.75767918088737,8.579253172346611,1.3815933339452569,-0.4336512500000029,0.2210269230769216,146166.3400926589
1.9,20,20261219,29.2,33.91237113402062,8.54677794479368,1.3396173349465912,-0.43169160714286053,0.21698846153845996,142045.79864995583
1.95,1,20261200,29.8,33.30976430976431,8.525397301886152,1.4655308769192215,-0.4273294642857174,0.21324615384615223,147461.1507081675
1.95,2,20261201,29.0,34.2318339100346,8.49662256170822,1.3999258853471266,-0.4270914285714318,0.20824230769230648,135185.4993411669
1.95,3,20261202,29.4,33.76621160409557,8.527144036851546,1.5038549997496677,-0.43026892857143156,0.21284999999999876,150842.77918178306
1.95,4,20261203,29.7,33.423986486486484,8.563718043143275,1.471169048731639,-0.4296544642857175,0.21473846153845988,152365.7506965183
1.95,5,20261204,29.4,33.76450511945392,8.517025149147347,1.4511691259178905,-0.42694750000000303,0.21066538461538356,146578.56549184656
1.95,6,20261205,29.6,33.53559322033898,8.509485612143983,1.4273903200934563,-0.4306564285714318,0.2100769230769215,139722.0117839045
1.95,7,20261206,29.4,33.76621160409557,8.54634330237097,1.4698725007509992,-0.42986482142857496,0.2121499999999988,144511.02934124568
1.95,8,20261207,30.2,32.86544850498339,8.695528435588354,1.615836530707607,-0.4282483928571459,0.2252538461538452,171282.0139612539
1.95,9,20261208,28.8,34.47038327526133,8.487442688420268,1.337167619659546,-0.43228946428571774,0.20520384615384524,134774.13385437414
1.95,10,20261209,29.3,33.88013698630137,8.555399235069281,1.4443251383511329,-0.42992571428571746,0.21280384615384468,144981.53221750964
1.95,11,20261210,29.1,34.11379310344827,8.53768323842907,1.4542130322096092,-0.42754535714286,0.20962692307692168,145440.88504389464
1.95,12,20261211,29.0,34.2318339100346,8.466627261001571,1.3828574266522027,-0.4310992857142888,0.20511153846153743,139456.8147406384
1.95,13,20261212,29.9,33.19798657718121,8.62004661350817,1.571243130841117,-0.42339910714286005,0.21969615384615312,167929.49857249242
1.95,14,20261213,29.2,33.99656357388316,8.508536814520612,1.421206457443256,-0.4289735714285746,0.20929615384615272,140672.01082534407
1.95,15,20261214,29.9,33.19798657718121,8.554522401663652,1.5185165051735632,-0.4284310714285745,0.2159615384615367,155790.60886757355
1.95,16,20261215,29.4,33.76450511945392,8.48720114625292,1.433156138351133,-0.42887946428571766,0.20771923076922993,141049.326487114
1.95,17,20261216,30.3,32.758278145695364,8.451290265182973,1.419564176735645,-0.42653785714286024,0.20970384615384538,143198.60095318707
1.95,18,20261217,29.4,33.76450511945392,8.554333644671255,1.4534043001501977,-0.4329426785714325,0.21358076923076738,144427.46563170484
1.95,19,20261218,29.9,33.19798657718121,8.543166423501905,1.4894017307242977,-0.4295603571428607,0.21426538461538344,151198.34286010786
1.95,20,20261219,29.4,33.76450511945392,8.549662283698973,1.4430927333945245,-0.43355714285714586,0.2126038461538455,146282.13298154925
2.0,1,20261200,32.1,30.875,8.830189323501903,1.887163167056068,-0.41257678571428896,0.2364807692307691,208570.58158353445
2.0,2,20261201,31.9,31.07075471698113,8.866038569739448,1.8884022969793002,-0.41351232142857464,0.23921923076923043,212932.97822532037
2.0,3,20261202,31.7,31.276898734177216,8.88485480063904,1.935649682993991,-0.41481321428571755,0.23896153846153811,215842.6231640296
2.0,4,20261203,31.9,31.08176100628931,8.870997714675687,1.9379791346795678,-0.4098476785714319,0.23970000000000033,210668.42332005186
2.0,5,20261204,31.4,31.5814696485623,8.840762885296002,1.7969075179405871,-0.414807678571432,0.2332653846153842,192826.39103315832
2.0,6,20261205,31.1,31.874193548387098,8.744015067389634,1.6625724903204235,-0.4130085714285744,0.22412692307692245,176164.21965470034
2.0,7,20261206,32.3,30.69254658385093,8.867941861900796,1.926818705357136,-0.4130473214285743,0.2396115384615378,212276.18111414547
2.0,8,20261207,31.6,31.377777777777776,8.878916588286693,1.9164264390019994,-0.4070798214285749,0.23841153846153829,207648.18572626248
2.0,9,20261208,32.1,30.8890625,8.889092513567372,1.886840131091449,-0.41409910714286025,0.2406115384615385,208785.8677039054
2.0,10,20261209,31.7,31.276898734177216,8.853675127164173,1.8988508849299046,-0.4125989285714316,0.2370230769230759,203832.70569530418
2.0,11,20261210,32.3,30.695652173913043,8.804276520757195,1.8297202016855758,-0.4104067857142889,0.23582692307692296,201465.18767589805
2.0,12,20261211,32.2,30.79127725856698,8.800883540745835,1.8752336244993286,-0.4097314285714317,0.23629230769230686,204330.6438209662
2.0,13,20261212,32.0,30.982758620689655,8.835578336733583,1.8605103699933188,-0.41547750000000294,0.23686153846153807,204141.82926994268
2.0,14,20261213,31.5,31.46815286624204,8.87217931564191,1.8943252565086761,-0.4128867857142891,0.23752307692307703,205434.8947106903
2.0,15,20261214,31.9,31.069182389937108,8.848944734783297,1.9007450960447225,-0.41616946428571744,0.23843846153846115,211288.74823573997
2.0,16,20261215,32.1,30.8765625,8.858067649723008,1.8613733951935905,-0.41141982142857497,0.23721153846153797,207571.42873554662
2.0,17,20261216,31.3,31.677884615384617,8.751685121634308,1.736457633594791,-0.41578196428571734,0.22551153846153812,181708.5614338077
2.0,18,20261217,32.1,30.8875,8.845398357189064,1.9021100267022666,-0.4127871428571457,0.2380115384615381,209485.3060378572
2.0,19,20261218,32.2,30.792834890965732,8.812515399292387,1.884435279372495,-0.4085191071428602,0.23527307692307672,210120.02898926538
2.0,20,20261219,32.2,30.7803738317757,8.856699979388775,1.929386527870489,-0.4084526785714314,0.23964999999999986,213742.5215715476
2.05,1,20261200,33.4,29.666666666666668,8.762224788996612,1.6475638267690211,-0.4114641071428604,0.23604615384615263,181814.49621104845
2.05,2,20261201,33.2,29.845921450151057,8.799981054921924,1.6705679639519342,-0.41673964285714593,0.23725384615384656,183445.1693696723
2.05,3,20261202,32.8,30.211009174311926,8.831950055962714,1.6883540021695553,-0.41246053571428865,0.23816923076923102,181048.5347499916
2.05,4,20261203,32.6,30.395384615384614,8.765114033372637,1.6691558671562026,-0.413739285714289,0.23366538461538447,173018.90438902978
2.05,5,20261204,32.3,30.68167701863354,8.861929463463417,1.619286091371829,-0.4128812500000029,0.23846538461538494,174765.48754968125
2.05,6,20261205,31.9,30.75943396226415,8.813542549889645,1.6625373121662157,-0.4119346428571458,0.235873076923077,170801.80369995657
2.05,7,20261206,33.1,29.936363636363637,8.780856317888135,1.6936678770861122,-0.4118792857142884,0.23669230769230776,185509.8857101688
2.05,8,20261207,32.4,30.58513931888545,8.734999860794012,1.6088594692089428,-0.41155821428571715,0.22999615384615413,163927.64271454295
2.05,9,20261208,33.5,29.57934131736527,8.757790360202806,1.6493471490320353,-0.4114142857142887,0.23680769230769155,179137.7551498243
2.05,10,20261209,33.3,29.754518072289155,8.807777839075648,1.681116969542722,-0.4107887500000034,0.23819615384615336,183971.94043770907
2.05,11,20261210,32.5,30.510802469135804,8.727826381834891,1.6490052721962587,-0.4159314285714317,0.23058846153846152,172884.45921692628
2.05,12,20261211,32.7,30.303680981595093,8.78322599686571,1.7155759178070726,-0.4181346428571452,0.23838461538461442,184753.41982988326
2.05,13,20261212,32.9,30.117378048780488,8.77463384223186,1.7073864435080046,-0.4112814285714319,0.23545769230769234,180550.57280475425
2.05,14,20261213,33.2,29.84441087613293,8.801367310545345,1.712109325433911,-0.41652928571428854,0.2377230769230771,189033.0486803707
2.05,15,20261214,32.6,30.396923076923077,8.863481377229936,1.7270307471628792,-0.4158539285714317,0.24010769230769233,185492.3412718596
2.05,16,20261215,32.7,30.303680981595093,8.808800227974544,1.68217152837116,-0.4129476785714316,0.23803076923076932,178051.98080631584
2.05,17,20261216,33.0,30.027355623100306,8.75508953638224,1.6620851860814378,-0.4125989285714316,0.23316923076923007,179515.99794487774
2.05,18,20261217,33.2,29.84441087613293,8.741212888275184,1.6084836203270998,-0.4082755357142887,0.232853846153846,171446.5235200003
2.05,19,20261218,33.2,29.845921450151057,8.79990630894601,1.721880281625498,-0.41385000000000244,0.23852307692307687,189998.3957688133
2.05,20,20261219,32.0,30.970219435736677,8.666987344917787,1.4722967963951892,-0.4208914285714308,0.22400769230769155,148876.70023740822
2.1,1,20261200,31.2,29.167202572347268,8.967624803646114,1.8561166093958512,-0.42252446428571794,0.2328692307692303,174114.10207801274
2.1,2,20261201,33.6,28.770149253731343,8.981304128446718,2.066484767523364,-0.4141046428571463,0.24393461538461597,210232.14186848505
2.1,3,20261202,33.1,28.918181818181818,8.890307317695495,1.9839685133511296,-0.4118626785714314,0.2360192307692301,193926.68759982893
2.1,4,20261203,32.7,28.696319018404907,8.918748930789217,2.0067288339452536,-0.4152339285714317,0.2355692307692303,195355.8510504673
2.1,5,20261204,33.8,29.06379821958457,8.917930978371688,2.0645288804238984,-0.4104455357142885,0.2388153846153852,205134.06878493645
2.1,6,20261205,32.3,29.0527950310559,9.03425116881344,1.9816600406375124,-0.415388928571432,0.2405115384615384,193003.06728857174
2.1,7,20261206,32.9,29.096036585365855,8.995776865174433,1.9918073573931867,-0.4172212500000025,0.23971153846153812,197145.75170940932
2.1,8,20261207,32.9,28.522865853658537,8.945180983348694,2.017126637433239,-0.41326321428571755,0.23844230769230756,201420.6994943409
2.1,9,20261208,31.9,29.41509433962264,8.941660925195375,1.8700926250834422,-0.42000571428571737,0.23443461538461552,176054.897584906
2.1,10,20261209,32.4,28.961300309597522,8.948090508653156,1.9432273132510007,-0.4152726785714311,0.23626538461538477,190497.8171062182
2.1,11,20261210,32.6,28.784615384615385,8.892454381242375,1.988012959445925,-0.41743714285714567,0.23523461538461557,190469.53151415323
2.1,12,20261211,33.5,28.854790419161677,8.937994417324589,2.031469931325097,-0.4142208928571458,0.24266923076923078,204545.8261308712
2.1,13,20261212,33.2,28.83383685800604,8.92469250832505,2.04958417715286,-0.41442571428571756,0.23851538461538488,203947.34018843106
2.1,14,20261213,34.3,28.916666666666668,8.831171029485656,2.0368189661214906,-0.40925535714286043,0.23811153846153824,204540.53227210708
2.1,15,20261214,32.0,29.622257053291538,9.009570398152427,1.9890390468124144,-0.4218878571428605,0.24078076923076897,193128.4122040929
2.1,16,20261215,32.7,28.983128834355828,8.954115214449532,1.9685622726969196,-0.410750000000003,0.2387269230769233,197739.38441493773
2.1,17,20261216,33.2,28.261329305135952,8.905270939532548,2.017784953187579,-0.41076107142857443,0.23734615384615312,198042.53922441395
2.1,18,20261217,34.3,28.640350877192983,8.848093190061222,2.077761604556065,-0.40790464285714567,0.23925384615384573,217113.76351790232
2.1,19,20261218,34.3,28.916666666666668,8.868052611171265,1.9835506882509948,-0.4128148214285743,0.24014230769230754,203304.7186236336
2.1,20,20261219,32.7,28.697852760736197,8.940504778870197,1.968810475133509,-0.4128535714285745,0.23680384615384545,192837.48198255769
2.15,1,20261200,34.3,28.09795321637427,9.020291608262593,2.0566750148531305,-0.4184391071428593,0.24491153846153693,225212.30995435486
2.15,2,20261201,35.7,27.514044943820224,8.970928607277974,2.12642408436248,-0.41779142857143126,0.2475846153846146,243364.19405385852
2.15,3,20261202,34.8,28.227665706051873,9.044213910759996,2.1122513634011977,-0.41918089285714594,0.24916153846153744,241482.48506470417
2.15,4,20261203,35.4,27.74929178470255,8.9948735308876,2.1510372246328378,-0.4140216071428599,0.24806538461538452,248523.32960957347
2.15,5,20261204,35.9,27.363128491620113,8.849929698540002,2.0106914474299074,-0.41685589285714525,0.23833846153846097,222746.67436323877
2.15,6,20261205,35.0,28.06160458452722,9.081435576987491,2.18608555774365,-0.4163355357142884,0.2518499999999994,250407.38772580528
2.15,7,20261206,35.4,27.746458923512748,8.984708567897307,2.1567341850801016,-0.4136673214285744,0.2483538461538451,246333.40442444687
2.15,8,20261207,33.6,28.582089552238806,9.037938055057017,1.9505432363150845,-0.4209467857142885,0.24219999999999808,210277.6231404794
2.15,9,20261208,35.3,27.829545454545453,8.999177304549429,2.118761587950597,-0.4094158928571451,0.24832307692307526,237114.63736112366
2.15,10,20261209,35.4,27.746458923512748,8.986782733456208,2.145834001001333,-0.41317464285714606,0.2479153846153837,239703.04298484683
2.15,11,20261210,35.3,27.917613636363637,8.992279726663366,2.0655131743157504,-0.41630785714285956,0.2482038461538455,231668.76318737588
2.15,12,20261211,35.2,27.995726495726494,9.01334566606434,2.1031125723464594,-0.4069469642857168,0.24955384615384418,238601.94273897295
2.15,13,20261212,35.3,27.828125,8.913524851082014,2.096864986982638,-0.41305285714285955,0.24265769230769146,231597.26452352953
2.15,14,20261213,35.5,27.66949152542373,8.977798202150055,2.231467350300398,-0.4069248214285739,0.2463653846153838,252744.8073616096
2.15,15,20261214,34.9,28.683908045977013,8.955171754342366,2.0777370438084075,-0.41182392857143124,0.24376153846153703,225981.6697801362
2.15,16,20261215,34.6,27.855072463768117,9.002982547477394,2.0799723825100105,-0.4135400000000026,0.24603461538461474,234143.03295364825
2.15,17,20261216,34.9,28.147988505747126,9.0416078015105,2.097570468875162,-0.4150733928571457,0.249192307692307,237015.42648996992
2.15,18,20261217,34.1,28.16470588235294,8.998154991047175,2.0151047433244256,-0.4184723214285742,0.2411346153846144,219454.89985392318
2.15,19,20261218,35.4,27.743626062322946,9.000233340393772,2.133689241238315,-0.41382785714285947,0.24906538461538316,240454.47116241854
2.15,20,20261219,35.6,27.5943661971831,9.02756132634743,2.2007058544726252,-0.41570446428571706,0.2516961538461533,251318.50348638505
2.2,1,20261200,39.3,24.970663265306122,8.83568402579638,2.328436032877163,-0.4044835714285743,0.24658461538461565,273902.7623653447
2.2,2,20261201,37.7,26.033244680851062,8.951410730549823,2.3522323272696855,-0.4056516071428602,0.2515038461538455,267260.7950037445
2.2,3,20261202,38.4,25.558746736292427,8.845893008008202,2.30534794325767,-0.4052253571428601,0.24499615384615417,264098.14772992965
2.2,4,20261203,37.7,26.03191489361702,8.983985417953111,2.4299230889519277,-0.41006357142857397,0.2523923076923069,276890.84515469254
2.2,5,20261204,38.2,25.69291338582677,8.929075593358192,2.3759665619158827,-0.4089564285714313,0.25104230769230707,269677.75050278945
2.2,6,20261205,38.6,25.425974025974025,8.924894002248845,2.3799261784045322,-0.4068583928571458,0.25049999999999945,278091.34290418756
2.2,7,20261206,39.1,25.1,8.871566762466085,2.3848962211281584,-0.4031882142857168,0.24913076923076855,282573.7300182755
2.2,8,20261207,38.8,25.29328165374677,8.90874378899523,2.310937377336444,-0.4042732142857171,0.2505192307692302,273210.9257686975
2.2,9,20261208,38.7,25.360103626943005,8.923764746686187,2.3187298958611393,-0.40421785714285974,0.25127692307692295,272319.272941493
2.2,10,20261209,38.6,25.425974025974025,8.898575779418898,2.3526167651034644,-0.4049983928571458,0.2470692307692299,274654.7960596308
2.2,11,20261210,38.5,25.255208333333332,8.881687244313833,2.3516850465620776,-0.4125325000000031,0.2487307692307681,267002.8129122771
2.2,12,20261211,39.4,24.90966921119593,8.880471670296052,2.3687738811748993,-0.40525857142857424,0.24991538461538484,285876.11792593065
2.2,13,20261212,37.6,26.102666666666668,8.918647252454468,2.2958551777369793,-0.409000714285717,0.24693846153846075,253443.91662868453
2.2,14,20261213,39.5,24.84517766497462,8.825347233442121,2.3666835495660825,-0.40179875000000287,0.24773846153846124,282513.1347343483
2.2,15,20261214,38.7,25.36139896373057,8.811392303739057,2.343299232476635,-0.40798214285714596,0.24570769230769146,266458.6121964114
2.2,16,20261215,37.7,25.79255319148936,8.887732203037762,2.253449201184908,-0.4076942857142884,0.24459230769230667,253765.42901908545
2.2,17,20261216,38.1,25.75921052631579,8.957390052568561,2.409578566421887,-0.41146410714286,0.2515692307692304,276160.2023765094
2.2,18,20261217,39.0,25.164524421593832,8.813303115766312,2.387362986398526,-0.4060058928571456,0.2454230769230769,277021.4220006409
2.2,19,20261218,38.7,25.36139896373057,8.87737380501027,2.3066906340120084,-0.4039742857142888,0.24986923076922984,268065.09921604965
2.2,20,20261219,39.5,24.84517766497462,8.815813357483988,2.4132519332443167,-0.406803035714288,0.24793461538461525,287746.0866962644
2.25,1,20261200,38.4,25.492167101827675,8.96609721985508,2.2840016199933206,-0.40279517857143105,0.25195384615384553,261588.21660464397
2.25,2,20261201,38.8,25.299741602067183,8.955434260317213,2.363634617823763,-0.40675321428571676,0.2518653846153831,272034.33758866036
2.25,3,20261202,38.4,25.328981723237597,8.98842637377696,2.3190774560246927,-0.402451964285717,0.25440769230769117,267791.8129639958
2.25,4,20261203,39.2,24.89386189258312,8.922921704933682,2.3374970116822387,-0.4010182142857167,0.25129230769230687,276959.55035129905
2.25,5,20261204,39.0,25.168380462724937,8.924732726279473,2.1912581169893133,-0.4037307142857168,0.24968076923076882,255235.92014928322
2.25,6,20261205,37.9,25.362433862433864,9.02080306945725,2.2569889823931844,-0.4079710714285736,0.25158461538461424,253952.0755292172
2.25,7,20261206,38.7,25.365284974093264,8.991105543095928,2.235913923815087,-0.40402964285714543,0.25258846153845993,256188.24865189954
2.25,8,20261207,37.3,26.318548387096776,8.923525823469571,2.1637558543057334,-0.40364767857143113,0.2403730769230769,233203.412536769
2.25,9,20261208,38.7,25.3639896373057,8.946382746213272,2.2881264002002615,-0.4033930357142885,0.252042307692306,266729.8434791909
2.25,10,20261209,38.4,25.798955613577025,9.019196343644678,2.3373768760013345,-0.40464410714286,0.2541576923076903,264297.53870716406
2.25,11,20261210,38.4,25.56266318537859,9.023722126459145,2.261401346295056,-0.4001491071428598,0.25386923076922896,261120.89616165744
2.25,12,20261211,38.3,25.482984293193716,9.028953539698316,2.323597675233641,-0.40530285714285985,0.2544038461538455,268766.1857914214
2.25,13,20261212,38.5,25.260416666666668,8.95069239587196,2.3653944209779683,-0.4046773214285745,0.25100769230769066,272282.87885612587
2.25,14,20261213,38.6,25.194805194805195,9.004203403275117,2.284086504422555,-0.397801964285717,0.254111538461538,260227.33201844
2.25,15,20261214,39.1,25.335897435897436,8.954481417440629,2.270236910797728,-0.4019039285714313,0.25321923076923014,265514.0190865467
2.25,16,20261215,38.5,25.49609375,8.97191481534647,2.3326813873497976,-0.40567375000000255,0.2520038461538444,268105.68329935987
2.25,17,20261216,39.3,24.975765306122447,8.863061128426352,2.3017914775533974,-0.3966173214285742,0.25002692307692104,265423.65677698964
2.25,18,20261217,38.8,25.299741602067183,8.943775512967049,2.347799660547396,-0.400531071428574,0.2532923076923074,272231.99525431637
2.25,19,20261218,39.0,25.167095115681235,8.954004133615108,2.364429680657546,-0.39995535714285974,0.25304230769230673,275404.337505244
2.25,20,20261219,38.4,25.56396866840731,8.981693011237786,2.2603180418891857,-0.4007801785714315,0.2520730769230753,256305.80347093358
2.3,1,20261200,40.3,24.595771144278608,8.95113768190959,2.387973715704262,-0.398565892857145,0.2520615384615371,273393.036572522
2.3,2,20261201,40.4,24.534739454094293,8.983361677007611,2.3036049159712855,-0.39472964285714557,0.2549884615384605,263701.8673921295
2.3,3,20261202,38.9,25.484536082474225,8.939098116261642,2.263724712616816,-0.3948458928571456,0.24593846153846072,242539.61947422533
2.3,4,20261203,39.1,25.352564102564102,8.984007214876879,2.2459452348965248,-0.3962962500000029,0.24879615384615167,237401.67843088007
2.3,5,20261204,39.1,25.352564102564102,8.90053999246938,2.2259455313751575,-0.40433410714285994,0.24464230769230635,234589.71699556313
2.3,6,20261205,40.5,24.474009900990097,8.999011017027625,2.2990138287716912,-0.3947628571428596,0.25565384615384534,268693.08308811486
2.3,7,20261206,39.7,24.968434343434343,9.019353267404217,2.389838395443921,-0.39470750000000215,0.2554346153846143,271443.74996321806
2.3,8,20261207,39.8,24.904282115869016,8.985470892125695,2.361416566672225,-0.39642910714286017,0.25506923076923005,265290.8455938749
2.3,9,20261208,40.3,24.595771144278608,8.959699006024032,2.3690628171728925,-0.3976525000000028,0.25341923076922945,271669.14540053986
2.3,10,20261209,39.7,24.968434343434343,9.038261731415538,2.3279927333110804,-0.40219178571428843,0.25515769230769053,269367.08297893574
2.3,11,20261210,39.0,25.417737789203084,9.007402118386281,2.1993094188084124,-0.3989976785714314,0.24977692307692181,236406.83098804817
2.3,12,20261211,40.4,24.535980148883375,8.907924736545406,2.4128843809245595,-0.39446392857143103,0.2525923076923071,275625.4380011362
2.3,13,20261212,39.5,25.093908629441625,8.937025575592275,2.2198069160547376,-0.39763035714286027,0.2454115384615377,239756.29050064847
2.3,14,20261213,40.5,24.474009900990097,8.979105489066388,2.39497404047062,-0.3918400000000021,0.2562230769230753,278869.7913823721
2.3,15,20261214,38.8,25.54780361757106,9.003764982815019,2.2013029693758277,-0.39451375000000255,0.24806538461538374,240454.09126109272
2.3,16,20261215,41.3,24.0,8.872265428495071,2.362817004422561,-0.38926589285714586,0.25191923076923,274425.48204783484
2.3,17,20261216,40.2,24.65586034912718,9.005494121202604,2.3208423942756986,-0.394657678571431,0.25657692307692237,268757.51883780904
2.3,18,20261217,39.1,25.353846153846153,8.926944741241709,2.2048924385847775,-0.3968996428571453,0.24503461538461446,236541.62832580524
2.3,19,20261218,39.4,25.15903307888041,9.056293854912262,2.4167267673564727,-0.399756071428574,0.2577538461538447,274156.0799769051
2.3,20,20261219,39.5,25.09517766497462,8.917854124461952,2.3076050101802363,-0.3914801785714311,0.24649230769230668,248109.675146004
2.35,1,20261200,38.7,25.617875647668395,9.30509010428247,2.283808697513346,-0.394790535714288,0.26635384615384494,271087.38602605695
2.35,2,20261201,37.7,26.3031914893617,9.272045465341117,2.1859230986315055,-0.3976469642857167,0.25864999999999905,249666.70950142757
2.35,3,20261202,40.7,24.358374384236452,9.203909461608854,2.3998917088618086,-0.3909210714285735,0.26694615384615195,303743.09421335603
2.35,4,20261203,40.4,24.537220843672458,9.198766726118613,2.4124397290554036,-0.39287517857143106,0.2653653846153837,301545.6286129896
2.35,5,20261204,39.7,24.97222222222222,9.211736603717403,2.31688692606809,-0.39431446428571637,0.2656307692307686,282640.80323650636
2.35,6,20261205,39.4,25.16284987277354,9.290163767971428,2.390088443591451,-0.39798464285714574,0.26842307692307543,291187.50790510833
2.35,7,20261206,37.3,26.58467741935484,9.377674932903002,2.224241501585446,-0.3943532142857169,0.2650807692307679,250518.78864190183
2.35,8,20261207,39.9,24.84673366834171,9.278453209302347,2.483907758511337,-0.386558928571431,0.272430769230768,307076.88646489737
2.35,9,20261208,40.0,24.783208020050125,9.278558855227779,2.4428724324933233,-0.39719857142857434,0.2700192307692305,308378.7343020726
2.35,10,20261209,40.9,24.237745098039216,9.260514058690879,2.325683145861143,-0.38498125000000305,0.27034999999999787,307034.90646109777
2.35,11,20261210,39.7,24.97222222222222,9.246409504170666,2.3495002913050684,-0.3961191071428597,0.2673999999999995,287641.7290560657
2.35,12,20261211,39.8,24.909319899244334,9.301549804129829,2.424006507176234,-0.39653982142857447,0.27069615384615275,306585.51730217854
2.35,13,20261212,39.2,25.29156010230179,9.212498351865543,2.3173989737983907,-0.39330142857143047,0.26389615384615284,279315.9304051283
2.35,14,20261213,40.0,24.785714285714285,9.203579928845604,2.3478597832109447,-0.38453285714285906,0.26568461538461524,288334.6112476381
2.35,15,20261214,40.3,24.59825870646766,9.222417515640773,2.4238021083945216,-0.3885960714285743,0.27068846153846066,310237.5820009474
2.35,16,20261215,40.6,24.417283950617286,9.227642606453552,2.4965259705440572,-0.39310214285714545,0.27010384615384553,317001.09816432436
2.35,17,20261216,39.2,25.29156010230179,9.259945156068664,2.2933877363150814,-0.3931353571428595,0.26467692307692176,277006.43437896826
2.35,18,20261217,39.2,25.290281329923275,9.306396644985634,2.2839751221628783,-0.38808678571428856,0.268573076923075,276320.8654672488
2.35,19,20261218,39.2,25.290281329923275,9.268485352173577,2.335504283461276,-0.39459125000000256,0.26780384615384506,281078.53042159183
2.35,20,20261219,40.0,24.784461152882205,9.249935108437223,2.3798056955106794,-0.39346750000000263,0.26686538461538306,299448.55820386956
2.4,1,20261200,40.8,24.35135135135135,9.072563136587341,2.270900909879836,-0.3975362500000028,0.2545576923076911,264221.2776017242
2.4,2,20261201,42.0,23.6527446300716,9.061175027987415,2.397687144192257,-0.3929914285714314,0.25796923076922906,286782.27774210484
2.4,3,20261202,42.0,23.655131264916466,9.041028869384101,2.45335554072096,-0.39750857142857404,0.25936153846153764,290519.690685526
2.4,4,20261203,42.1,23.597619047619048,9.06155972416424,2.39667351994326,-0.39726500000000275,0.25821153846153755,277832.15392951394
2.4,5,20261204,41.6,23.880722891566265,9.004546430150834,2.2836405185246975,-0.398759642857146,0.2529461538461534,254306.42632837783
2.4,6,20261205,40.7,24.411330049261085,9.148468843558081,2.359681050150199,-0.4003262500000028,0.25968076923076866,268357.8759093853
2.4,7,20261206,43.1,23.05,8.975725828968569,2.458943585947931,-0.39465767857143114,0.2575115384615364,291751.8107612923
2.4,8,20261207,40.7,23.155172413793103,9.083507650448265,2.236201763351135,-0.3971044642857171,0.2538423076923065,254253.8214773707
2.4,9,20261208,40.9,24.291666666666668,9.109747419994555,2.2910208952770357,-0.39793482142857395,0.25730384615384516,261483.8673415544
2.4,10,20261209,42.4,23.43144208037825,9.02488702821529,2.406373900534045,-0.3964346428571452,0.2570384615384605,287979.5932481024
2.4,11,20261210,42.9,23.1553738317757,8.974464768568083,2.3971769238985337,-0.3977355357142887,0.2567384615384617,279317.8284446672
2.4,12,20261211,41.5,23.93840579710145,9.093444357016669,2.318920954355809,-0.39605267857143106,0.25636538461538366,265090.447158513
2.4,13,20261212,42.6,23.32,9.051557638457183,2.3148923886849135,-0.3900464285714313,0.2563423076923059,273760.1053132233
2.4,14,20261213,40.0,24.840852130325814,9.153491285356232,2.270806815170222,-0.39744214285714563,0.2562230769230769,263734.758627487
2.4,15,20261214,42.0,23.6527446300716,8.943315589415663,2.3697745488985316,-0.3902623214285741,0.2515538461538452,265128.43880719895
2.4,16,20261215,39.9,23.569095477386934,9.105150403600764,2.344824082109477,-0.39926892857143137,0.2535115384615377,265144.5494323271
2.4,17,20261216,38.7,25.674870466321245,9.17142194310759,2.1951515254505956,-0.40161607142857403,0.25198076923076845,230036.2137849892
2.4,18,20261217,42.3,23.48578199052133,8.973223795345726,2.387786641021359,-0.3969328571428597,0.2556076923076922,275872.0818630227
2.4,19,20261218,40.5,24.532178217821784,9.114255967037469,2.2908045998831805,-0.4014001785714315,0.25699999999999834,250249.98779689893
2.4,20,20261219,39.4,25.21882951653944,9.13393080373639,2.2423663099966644,-0.39966196428571693,0.25089615384615305,248615.3829028859
2.45,1,20261200,45.7,21.49013157894737,8.962345054057197,2.6832681513684804,-0.3856621428571458,0.2607307692307677,343620.1669003733
2.45,2,20261201,46.0,21.34967320261438,8.96827904263558,2.592563318341118,-0.38265071428571706,0.2614499999999988,334323.32661723363
2.45,3,20261202,46.1,21.304347826086957,8.93281583634234,2.652545251001331,-0.3801873214285739,0.26108461538461325,349844.0924298678
2.45,4,20261203,46.4,21.166306695464364,8.939762223228676,2.6438511666388465,-0.37935696428571675,0.26144615384615183,346975.8676587311
2.45,5,20261204,46.1,21.304347826086957,8.94511097799113,2.654654989986647,-0.3842339285714314,0.25984615384615184,352884.4442005704
2.45,6,20261205,45.5,21.639867841409693,8.854371891712463,2.6296266195760967,-0.38327625000000237,0.2554884615384593,333418.6989066304
2.45,7,20261206,46.6,21.126881720430106,8.938969122875351,2.589011622246326,-0.3863596428571453,0.26202692307692155,336415.78878237307
2.45,8,20261207,45.8,21.443107221006564,8.909631971758024,2.686439027953932,-0.37996035714285936,0.25843846153845923,349920.1908227616
2.45,9,20261208,46.2,21.25813449023861,8.912873223569985,2.5981335460614083,-0.38256767857143115,0.2594961538461527,339227.24082502705
2.45,10,20261209,45.7,21.49122807017544,8.944707062060957,2.6788738608144103,-0.3851307142857168,0.26005769230769005,351538.9903788617
2.45,11,20261210,46.1,21.303260869565218,8.958530999209968,2.6142864407543307,-0.38403464285714517,0.2609769230769211,344512.05049302254
2.45,12,20261211,46.0,21.34967320261438,8.942949556111305,2.5983994929072107,-0.3801042857142882,0.2603115384615365,338738.74205949885
2.45,13,20261212,45.2,21.72949002217295,8.959778489901286,2.6437036925066764,-0.37982196428571674,0.25837307692307565,332239.8754366837
2.45,14,20261213,45.6,21.53956043956044,8.986918716198316,2.6351843110814395,-0.3876660714285739,0.26179230769230494,347078.3824899525
2.45,15,20261214,45.2,21.728381374722836,9.016231371310912,2.6531793532209536,-0.3815989285714311,0.26431538461538284,337678.01772699296
2.45,16,20261215,46.7,21.082618025751074,8.844070294913424,2.6975477590954595,-0.38239053571428827,0.25813846153845943,353294.8533813694
2.45,17,20261216,46.6,21.304301075268818,8.85225887078602,2.6863906191588733,-0.38661982142857426,0.2587576923076904,348845.0009373271
2.45,18,20261217,46.4,21.165226781857452,8.919525497150588,2.595575445510675,-0.38208607142857426,0.25972307692307495,340867.088284585
2.45,19,20261218,46.2,21.259219088937094,8.885160017048207,2.593699198097458,-0.3787812500000023,0.2570346153846142,330229.73835705896
2.45,20,20261219,46.4,21.39524838012959,8.906948999662378,2.662381739068755,-0.3786926785714308,0.26130384615384417,352346.81123469403
2.5,1,20261200,51.4,19.316764132553605,8.62831685785503,2.826277782877163,-0.3806966071428597,0.25535384615384543,379875.4508625692
2.5,2,20261201,51.4,19.316764132553605,8.624704823174305,2.823102593541387,-0.37756339285714535,0.25660384615384635,381571.15894844796
2.5,3,20261202,52.0,19.094412331406552,8.60161940121862,2.828251450934571,-0.37103125000000214,0.2548538461538456,376817.4910598549
2.5,4,20261203,51.3,19.35546875,8.564893804628445,2.8313574169726246,-0.3764894642857163,0.25289999999999896,378032.11091838777
2.5,5,20261204,50.1,19.82,8.637279179920828,2.7473986391855734,-0.3779010714285744,0.2513576923076909,347061.48235358694
2.5,6,20261205,52.2,19.020153550863725,8.53580811723798,2.857304384929911,-0.3748785714285738,0.25307692307692276,384975.5023496802
2.5,7,20261206,51.2,19.39334637964775,8.612357537495331,2.8490680551568603,-0.3689775000000027,0.25502692307692176,380471.4458722865
2.5,8,20261207,50.6,19.623762376237625,8.58139192835322,2.7635671767356413,-0.3825842857142885,0.24893076923076823,355350.47065003344
2.5,9,20261208,51.0,19.467583497053045,8.545744119752248,2.85403917606809,-0.37835500000000294,0.2512769230769216,370561.1459523145
2.5,10,20261209,51.2,19.392367906066536,8.6164262352941,2.8128285623331104,-0.3729964285714307,0.2541692307692302,378405.58532832086
2.5,11,20261210,52.6,18.876190476190477,8.481060207927749,2.886428844793056,-0.36924875000000223,0.25042692307692266,388069.23840663297
2.5,12,20261211,50.9,19.507874015748033,8.551196961710673,2.8666208941922493,-0.37507232142857433,0.2510346153846147,369190.87390620017
2.5,13,20261212,52.0,19.094412331406552,8.541723812401425,2.817467455273692,-0.37306839285714516,0.2514269230769223,372825.01807329635
2.5,14,20261213,51.7,19.204457364341085,8.584819768029377,2.9101158219292347,-0.3669625000000023,0.25644999999999984,390187.4090565461
2.5,15,20261214,52.1,19.056730769230768,8.487337143583016,2.8885719893190838,-0.3642666071428597,0.2502384615384609,387683.83765022754
2.5,16,20261215,51.5,19.279182879377434,8.52584826594371,2.891285495076759,-0.377491428571431,0.25330384615384566,391098.05489951174
2.5,17,20261216,52.1,19.056730769230768,8.518837331047175,2.869903481975955,-0.3690882142857172,0.252353846153845,387393.0389906356
2.5,18,20261217,51.3,19.3544921875,8.574394210348668,2.900258775200258,-0.3649751785714309,0.25356153846153784,384378.66173201846
2.5,19,20261218,51.5,19.27821011673152,8.607013075092125,2.878533277119482,-0.3701012500000019,0.25564999999999927,376945.922955226
2.5,20,20261219,52.8,18.80360531309298,8.4490615391591,2.9627522270527313,-0.3654457142857165,0.2501499999999997,405335.85526907584
