nmda_pathology_multiplier,replicate,seed,firing_hz,mean_isi_ms,mean_ampa_psp_mv,mean_nmda_psp_mv,mean_gaba_psp_mv,nmda_open_fraction,mean_plasticity_state
1.0,1,20261200,12.0,82.1470588235294,6.081801927141305,0.24442952928905184,-0.4773889285714333,0.08442692307692372,19599.428517793214
3.0,1,20261200,19.9,49.36616161616162,6.270030759235261,0.3237269914886518,-0.45287678571429024,0.10286538461538225,47059771985.339485
4.1,1,20261200,22.8,43.059471365638764,6.389380060180866,0.4249195616405209,-0.444772500000004,0.10398461538461358,179806351749646.66
4.7,1,20261200,32.2,30.450155763239877,5.2904296609236106,0.3997831604889857,-0.42024928571428954,0.08006538461538514,1.6625884297064812e+16
1.0,2,20261201,10.5,93.9951923076923,6.129850843924319,0.18379898456275004,-0.47896660714286216,0.07485000000000151,14238.822083107809
3.0,2,20261201,18.1,54.30277777777778,6.28752289223173,0.298429256925901,-0.4603998214285763,0.09583076923076686,44567887214.21206
4.1,2,20261201,23.6,41.59361702127659,6.1908132640679625,0.38913153336949285,-0.4443573214285756,0.0981923076923071,157458230036725.9
4.7,2,20261201,36.4,26.926997245179063,4.982557688191974,0.4983392367156208,-0.40936607142857506,0.08278076923076857,1.5292361894747294e+16
1.0,3,20261202,10.8,91.35514018691589,5.915196430516819,0.14302415962950576,-0.47826357142857606,0.06636923076923205,11755.033705228916
3.0,3,20261202,15.6,63.061290322580646,5.8873184881351115,0.2512699350801065,-0.46046625000000413,0.07620384615384661,29774626137.578312
4.1,3,20261202,19.2,51.17277486910995,5.899763539760445,0.40268065256174934,-0.4538067857142895,0.08267692307692295,125954122836153.9
4.7,3,20261202,21.9,44.8348623853211,5.864787129037449,0.4066372300233644,-0.4477175000000032,0.0842153846153842,1.2997162903162046e+16
1.0,4,20261203,11.5,85.75,6.129916066534479,0.24370279430907835,-0.4716871428571463,0.08292307692307731,19795.842338105704
3.0,4,20261203,18.1,54.30277777777778,6.326636175360415,0.3123434687082771,-0.4554730357142892,0.09689230769230542,45266667315.63373
4.1,4,20261203,28.2,34.7846975088968,5.845758306535062,0.4759238630507348,-0.4247553571428602,0.09879999999999915,198596778435721.25
4.7,4,20261203,34.1,28.748529411764707,5.003437366971914,0.38792044363317785,-0.41099910714286036,0.07694230769230793,1.3567807618699874e+16
1.0,5,20261204,11.4,86.5,6.105763531235705,0.22150453838451253,-0.4726614285714331,0.08144230769230959,18617.901750848778
3.0,5,20261204,18.3,53.7032967032967,6.300002940458827,0.29813995544058736,-0.4558771428571472,0.09604230769230535,48041985776.69654
4.1,5,20261204,19.4,50.64248704663213,6.737852040131904,0.42566798646528753,-0.4545098214285758,0.10855769230768918,183477479790902.88
4.7,5,20261204,30.2,32.470099667774086,5.5048611063054285,0.35898194554405943,-0.42624446428571783,0.08488461538461559,1.567853728525446e+16
1.0,6,20261205,11.2,88.06756756756756,5.910792674873175,0.1655552283044056,-0.47563964285714666,0.06863076923077073,14118.77944198333
3.0,6,20261205,19.1,51.44736842105263,6.331989157539182,0.34684112207943896,-0.4527162500000035,0.0991923076923057,46610531078.15753
4.1,6,20261205,23.9,41.069327731092436,6.267543682723726,0.4346349235564089,-0.4429401785714317,0.1006192307692298,170108096696142.6
4.7,6,20261205,28.2,34.7846975088968,5.813939194699213,0.4044564092373163,-0.43079482142857434,0.08962307692307682,1.5035051060367412e+16
1.0,7,20261206,11.4,86.50442477876106,5.990050125895531,0.2044218622329771,-0.47136607142857556,0.07523076923077089,17131.239585461346
3.0,7,20261206,20.6,47.68048780487805,6.3203405718054775,0.3847613814252334,-0.45149839285714677,0.1058307692307669,50223891032.40043
4.1,7,20261206,22.4,43.83183856502242,6.394050173694869,0.3838335936999332,-0.44513232142857534,0.10431153846153697,171053755830448.2
4.7,7,20261206,26.9,36.47201492537314,6.016941692021853,0.37938508675734295,-0.4363083928571463,0.09486538461538326,1.5588118993901444e+16
1.0,8,20261207,11.3,87.28125,6.209110324318122,0.2467577383177571,-0.473547142857148,0.08580769230769295,20270.646462064175
3.0,8,20261207,22.5,43.636160714285715,6.465740850383569,0.4316958189252333,-0.44229803571428994,0.12018076923076797,61703076478.39329
4.1,8,20261207,38.2,25.653543307086615,5.097943007238991,0.8647777247413231,-0.40729571428571804,0.10023846153845915,325124339994940.9
4.7,8,20261207,38.8,25.25581395348837,4.858391545514677,0.502426375383845,-0.40472714285714645,0.09533076923076768,1.4550112974028182e+16
1.0,9,20261208,11.1,88.86818181818182,6.103439723192449,0.22117278554739608,-0.47310428571428964,0.07895000000000015,15934.871035746968
3.0,9,20261208,21.8,45.04377880184332,6.522740285901297,0.4370126725634181,-0.44528732142857497,0.12311923076922965,63064775143.22169
4.1,9,20261208,37.4,26.20509383378016,5.141556695358435,0.7643260613401207,-0.4059062500000031,0.10005769230768986,300363242969009.06
4.7,9,20261208,37.3,26.275537634408604,4.772398668065629,0.39239932439919933,-0.40308857142857424,0.0813692307692297,1.203481058023883e+16
1.0,10,20261209,11.3,87.28571428571429,6.0102192146386715,0.20335785555740965,-0.47681875000000407,0.07510384615384633,16438.137355903906
3.0,10,20261209,19.6,50.12820512820513,6.366530863188191,0.3313319419225633,-0.45142089285714665,0.10139230769230537,50047267611.345184
4.1,10,20261209,19.7,49.87244897959184,6.777630646258408,0.45947777260514083,-0.45155928571428994,0.11045384615384278,199764014953071.94
4.7,10,20261209,37.1,26.417567567567566,5.000757718920268,0.47785604647029395,-0.4075005357142889,0.08474230769230706,1.4703475785412622e+16
1.0,11,20261210,11.1,88.86818181818182,6.0506783023964195,0.20622159487650166,-0.4740564285714332,0.07593846153846182,15771.102999988028
3.0,11,20261210,19.2,51.175392670157066,6.406106138771643,0.35133475208611464,-0.4544932142857183,0.102892307692306,49788326300.6809
4.1,11,20261210,23.1,42.49782608695652,6.390226174466833,0.4134086994242327,-0.4441358928571467,0.10387307692307539,177518544161399.7
4.7,11,20261210,32.9,29.80030487804878,4.562989384912057,0.16964107680240323,-0.4159923214285749,0.043200000000000495,5401901239524341.0
1.0,12,20261211,7.8,126.95454545454545,6.461004055201039,0.17729913985313736,-0.48633464285714756,0.07818461538461541,10731.791768398041
3.0,12,20261211,17.9,54.912921348314605,6.072798619118442,0.34124127161214923,-0.4569123214285754,0.08691538461538297,37916039784.63756
4.1,12,20261211,25.3,38.785714285714285,6.009880102098157,0.46081465759345813,-0.43439303571428955,0.09883076923076733,160294366422973.1
4.7,12,20261211,31.6,31.02857142857143,5.574558845445739,0.45337564388351176,-0.42756196428571785,0.09054999999999874,1.6880402990398548e+16
1.0,13,20261212,10.8,91.35514018691589,6.0791768222217435,0.20280057877169538,-0.4757669642857186,0.07773846153846223,14530.040251766319
3.0,13,20261212,16.0,61.4748427672956,6.049504946699183,0.28642705549065406,-0.4620826785714329,0.0818461538461523,30732338289.982655
4.1,13,20261212,19.6,50.12307692307692,6.766036404149215,0.4204073593958615,-0.45404482142857544,0.10888076923076599,180169146228951.72
4.7,13,20261212,18.5,53.119565217391305,6.033394982670904,0.40268656980140227,-0.45519071428571845,0.08379999999999903,1.2390656536051282e+16
1.0,14,20261213,11.2,88.06756756756756,6.107197554723692,0.20539756717289692,-0.47746642857143234,0.07992692307692331,15114.29475892958
3.0,14,20261213,18.7,52.55107526881721,6.3253536455042445,0.3310885821929236,-0.4564417857142891,0.09932307692307506,44955812675.59992
4.1,14,20261213,21.8,45.04377880184332,6.476398117418922,0.42211639636181625,-0.4503912500000033,0.10642307692307508,174790474563759.6
4.7,14,20261213,36.5,26.85164835164835,5.003031928471867,0.44405998072429903,-0.4134182142857171,0.08517692307692226,1.4552953281262018e+16
1.0,15,20261214,11.5,85.74561403508773,5.996759324695393,0.1869549492656873,-0.4757171428571469,0.07656153846154015,16168.438701706353
3.0,15,20261214,18.2,54.00276243093923,6.28727719427439,0.29055918199265685,-0.4567517857142897,0.09599615384615157,44215076595.17466
4.1,15,20261214,19.6,50.12307692307692,6.7431362960810945,0.42706406212449965,-0.4552958928571471,0.1089076923076892,185541373214674.72
4.7,15,20261214,32.3,30.354037267080745,5.3069195503395825,0.4100673138684916,-0.41712160714286045,0.08421923076923123,1.6140387796388994e+16
1.0,16,20261215,10.9,90.50925925925925,6.004176403417028,0.2006314298230973,-0.4757558928571477,0.07317307692307748,12939.604821456667
3.0,16,20261215,15.7,62.65384615384615,5.751687934845475,0.21476882643524686,-0.46233732142857614,0.069484615384616,27529730858.74873
4.1,16,20261215,16.9,58.17857142857143,5.960747215597846,0.340838464385848,-0.4595417857142903,0.07953076923076877,125429000719740.55
4.7,16,20261215,18.1,54.3,6.009280573947788,0.4050135745493993,-0.4571946428571472,0.0829423076923067,1.242318855576646e+16
1.0,17,20261216,11.2,88.06756756756756,5.927465044401073,0.16079291029706255,-0.4754735714285758,0.06935384615384743,13913.186568210274
3.0,17,20261216,19.1,51.44736842105263,6.336626054139608,0.2747440341288382,-0.455019107142861,0.10067307692307478,45511982993.77747
4.1,17,20261216,19.2,51.17801047120419,6.754706591071896,0.4173114625333783,-0.45517410714286105,0.10896923076922756,179829912802012.12
4.7,17,20261216,34.3,28.580409356725145,5.375722190998672,0.5431291609395862,-0.4150789285714314,0.094492307692307,1.777531656563978e+16
1.0,18,20261217,10.9,90.50925925925925,5.788235563374684,0.12460780198598106,-0.4773391071428614,0.05967307692307792,11428.588629314669
3.0,18,20261217,15.1,65.16333333333333,5.800018449923532,0.22312233144192256,-0.46279678571428956,0.07060384615384692,26110582839.420986
4.1,18,20261217,21.8,45.04147465437788,6.4016533116995715,0.38488846136515353,-0.44136250000000343,0.10253076923076772,154691153213038.66
4.7,18,20261217,28.4,34.53710247349823,5.798209940449952,0.34650529040387196,-0.4338394642857175,0.08880769230769228,1.4032651488527108e+16
1.0,19,20261218,11.0,89.6788990825688,6.054306897361718,0.21415696411882476,-0.47604928571428917,0.07574615384615407,15644.629548539639
3.0,19,20261218,18.2,54.00276243093923,6.374890517414384,0.3104675867823761,-0.45739946428571737,0.09844230769230584,43413576987.76685
4.1,19,20261218,23.9,41.0672268907563,6.200573160858743,0.36185969399198964,-0.44078678571428853,0.09855769230769179,161521313651489.75
4.7,19,20261218,28.3,34.659574468085104,5.790463723139416,0.3580174062416555,-0.43404982142857423,0.08838076923076912,1.4646917577615908e+16
1.0,20,20261219,11.4,86.5,6.0416049087171855,0.2280172665220291,-0.4710450000000037,0.08026923076923148,18207.77765828252
3.0,20,20261219,18.9,51.98936170212766,6.371527713664129,0.3349759235647528,-0.4570783928571468,0.09980384615384426,47263653450.16643
4.1,20,20261219,22.1,44.42727272727273,6.510493098703034,0.4497621109896535,-0.4493394642857182,0.10580769230769001,191074268784930.62
4.7,20,20261219,23.5,41.76923076923077,6.569919628807987,0.4675422612066091,-0.45034142857143244,0.10353461538461177,1.7354994617491732e+16
