drug,concentration_nM,n,mean_firing_hz,sd_firing_hz,mean_suppression_fraction,sd_suppression_fraction,silent_replicates
perampanel,0,20,10.965,0.9056983348136456,0.0,0.0,0
perampanel,10,20,8.02,1.7288876862245701,0.2679934824244418,0.14516192715282222,0
perampanel,12,20,5.0200000000000005,3.646425791460945,0.5401511303234465,0.3303821475761995,6
perampanel,14,20,3.54,3.469930986724603,0.6730138706642064,0.3177808857637688,9
perampanel,16,20,2.205,3.207634806618668,0.8023719563498493,0.2867974483520978,13
perampanel,18,20,1.25,2.603337938311627,0.8884158661060835,0.23231210633481622,16
memantine,0,20,10.965,0.9056983348136456,0.0,0.0,0
memantine,100,20,8.755,1.5796318691724547,0.2060565874439043,0.10043752570617061,0
memantine,125,20,7.67,1.5874839410708679,0.30384484657860433,0.11249332637288896,0
memantine,150,20,6.445,1.4110373190633456,0.4136920698299541,0.10848753892702204,0
memantine,175,20,5.355,1.0535528862902548,0.5132330191804538,0.07681894954914731,0
memantine,200,20,4.225,0.7099851740483184,0.614781112211998,0.05456461191707508,0
memantine,250,20,2.83,0.584987629198934,0.7415385869183891,0.04995981772881229,0
diazepam,0,20,10.965,0.9056983348136456,0.0,0.0,0
diazepam,5,20,10.12,0.8211673334185209,0.07652526519264469,0.01890044318226914,0
diazepam,7.5,20,7.115,4.281327265918215,0.3441552426269729,0.39001962739202345,5
diazepam,10,20,1.6300000000000001,3.473523919746722,0.8529671176001451,0.31318998117830427,15
diazepam,12.5,20,1.14,2.9169919618098294,0.8971277900234322,0.26306328138107493,16
diazepam,15,20,0.20500000000000002,0.827472371935033,0.9813608562691132,0.07587689080584833,18
diazepam,20,20,0.19,0.7608167356618529,0.982737003058104,0.06975487044470996,18
diazepam,30,20,0.18000000000000002,0.716423867479816,0.9836544342507645,0.06567687730106159,18
