drug,suppression_target,n_boot,concentration_median_nM,CI2.5_nM,CI97.5_nM
perampanel,0.25,200,9.782096598824854,9.169948772642428,10.284739232377463
perampanel,0.5,200,11.856522758658048,10.998599540367394,12.912759034741466
perampanel,0.75,199,14.83557181858902,12.655590152482374,17.187389717100682
perampanel,0.9,146,18.45764797460131,15.663134552441472,29.053328695646986
memantine,0.25,200,112.51353016194483,100.80264423619215,123.24456093781782
memantine,0.5,200,170.25899718391162,161.33505963911531,177.8160640392807
memantine,0.75,200,254.54685908574572,246.93636347869096,264.4655133429186
memantine,0.9,196,365.3799257826508,341.977211829606,519.1128482100767
diazepam,0.25,200,7.0615819978512615,6.20141959886821,7.633003282440148
diazepam,0.5,200,8.067088429291111,7.373380384537187,8.817511968810605
diazepam,0.75,200,9.298713796440175,8.306184773396621,10.910678429669423
diazepam,0.9,200,10.915078804182304,8.853869591557464,13.916708434237453
