drug,replicate,seed,concentration_nM,firing_hz,mean_isi_ms,control_hz,suppression_fraction
perampanel,1,20261200,0,12.0,82.14285714285714,12.0,0.0
perampanel,1,20261200,10,7.8,125.20779220779221,12.0,0.35
perampanel,1,20261200,12,7.6,128.54666666666665,12.0,0.3666666666666667
perampanel,1,20261200,14,7.4,132.06849315068493,12.0,0.3833333333333333
perampanel,1,20261200,16,0.0,nan,12.0,1.0
perampanel,1,20261200,18,0.0,nan,12.0,1.0
memantine,1,20261200,0,12.0,82.14285714285714,12.0,0.0
memantine,1,20261200,100,11.0,89.6788990825688,12.0,0.08333333333333337
memantine,1,20261200,125,9.9,98.37755102040816,12.0,0.17499999999999993
memantine,1,20261200,150,8.3,117.57317073170732,12.0,0.30833333333333324
memantine,1,20261200,175,6.9,141.78676470588235,12.0,0.42499999999999993
memantine,1,20261200,200,4.8,205.13829787234042,12.0,0.6000000000000001
memantine,1,20261200,250,3.4,292.1666666666667,12.0,0.7166666666666667
diazepam,1,20261200,0,12.0,82.14285714285714,12.0,0.0
diazepam,1,20261200,5,11.4,86.50442477876106,12.0,0.04999999999999993
diazepam,1,20261200,7.5,10.8,91.35514018691589,12.0,0.09999999999999998
diazepam,1,20261200,10,0.4,199.5,12.0,0.9666666666666667
diazepam,1,20261200,12.5,0.4,199.5,12.0,0.9666666666666667
diazepam,1,20261200,15,0.4,199.5,12.0,0.9666666666666667
diazepam,1,20261200,20,0.4,199.5,12.0,0.9666666666666667
diazepam,1,20261200,30,0.4,199.5,12.0,0.9666666666666667
perampanel,2,20261201,0,10.5,93.9951923076923,10.5,0.0
perampanel,2,20261201,10,7.4,132.06849315068493,10.5,0.2952380952380952
perampanel,2,20261201,12,0.0,nan,10.5,1.0
perampanel,2,20261201,14,0.0,nan,10.5,1.0
perampanel,2,20261201,16,0.0,nan,10.5,1.0
perampanel,2,20261201,18,0.0,nan,10.5,1.0
memantine,2,20261201,0,10.5,93.9951923076923,10.5,0.0
memantine,2,20261201,100,7.1,137.7357142857143,10.5,0.3238095238095239
memantine,2,20261201,125,6.0,163.42372881355934,10.5,0.4285714285714286
memantine,2,20261201,150,5.7,172.17857142857142,10.5,0.4571428571428571
memantine,2,20261201,175,5.0,196.77551020408163,10.5,0.5238095238095238
memantine,2,20261201,200,4.0,247.23076923076923,10.5,0.6190476190476191
memantine,2,20261201,250,2.8,357.1111111111111,10.5,0.7333333333333334
diazepam,2,20261201,0,10.5,93.9951923076923,10.5,0.0
diazepam,2,20261201,5,9.6,102.89473684210526,10.5,0.08571428571428574
diazepam,2,20261201,7.5,9.0,109.8314606741573,10.5,0.1428571428571429
diazepam,2,20261201,10,0.0,nan,10.5,1.0
diazepam,2,20261201,12.5,0.0,nan,10.5,1.0
diazepam,2,20261201,15,0.0,nan,10.5,1.0
diazepam,2,20261201,20,0.0,nan,10.5,1.0
diazepam,2,20261201,30,0.0,nan,10.5,1.0
perampanel,3,20261202,0,10.8,91.35514018691589,10.8,0.0
perampanel,3,20261202,10,8.7,113.66279069767442,10.8,0.19444444444444453
perampanel,3,20261202,12,0.0,nan,10.8,1.0
perampanel,3,20261202,14,0.0,nan,10.8,1.0
perampanel,3,20261202,16,0.0,nan,10.8,1.0
perampanel,3,20261202,18,0.0,nan,10.8,1.0
memantine,3,20261202,0,10.8,91.35514018691589,10.8,0.0
memantine,3,20261202,100,7.8,126.94805194805195,10.8,0.2777777777777778
memantine,3,20261202,125,6.3,155.5,10.8,0.41666666666666674
memantine,3,20261202,150,4.8,205.13829787234042,10.8,0.5555555555555556
memantine,3,20261202,175,4.5,219.125,10.8,0.5833333333333334
memantine,3,20261202,200,4.3,229.5595238095238,10.8,0.6018518518518519
memantine,3,20261202,250,3.6,275.4714285714286,10.8,0.6666666666666667
diazepam,3,20261202,0,10.8,91.35514018691589,10.8,0.0
diazepam,3,20261202,5,9.9,99.74489795918367,10.8,0.08333333333333337
diazepam,3,20261202,7.5,9.2,107.41758241758242,10.8,0.14814814814814825
diazepam,3,20261202,10,0.0,nan,10.8,1.0
diazepam,3,20261202,12.5,0.0,nan,10.8,1.0
diazepam,3,20261202,15,0.0,nan,10.8,1.0
diazepam,3,20261202,20,0.0,nan,10.8,1.0
diazepam,3,20261202,30,0.0,nan,10.8,1.0
perampanel,4,20261203,0,11.5,85.75,11.5,0.0
perampanel,4,20261203,10,6.2,160.24590163934425,11.5,0.4608695652173913
perampanel,4,20261203,12,6.1,162.91666666666666,11.5,0.4695652173913044
perampanel,4,20261203,14,0.0,nan,11.5,1.0
perampanel,4,20261203,16,0.0,nan,11.5,1.0
perampanel,4,20261203,18,0.0,nan,11.5,1.0
memantine,4,20261203,0,11.5,85.75,11.5,0.0
memantine,4,20261203,100,10.8,91.35981308411215,11.5,0.060869565217391286
memantine,4,20261203,125,9.7,100.4375,11.5,0.15652173913043488
memantine,4,20261203,150,7.9,123.61538461538461,11.5,0.31304347826086953
memantine,4,20261203,175,5.8,169.1578947368421,11.5,0.4956521739130435
memantine,4,20261203,200,4.8,205.14893617021278,11.5,0.5826086956521739
memantine,4,20261203,250,2.9,344.35714285714283,11.5,0.7478260869565218
diazepam,4,20261203,0,11.5,85.75,11.5,0.0
diazepam,4,20261203,5,10.9,90.50925925925925,11.5,0.05217391304347818
diazepam,4,20261203,7.5,0.0,nan,11.5,1.0
diazepam,4,20261203,10,0.0,nan,11.5,1.0
diazepam,4,20261203,12.5,0.0,nan,11.5,1.0
diazepam,4,20261203,15,0.0,nan,11.5,1.0
diazepam,4,20261203,20,0.0,nan,11.5,1.0
diazepam,4,20261203,30,0.0,nan,11.5,1.0
perampanel,5,20261204,0,11.4,86.5,11.4,0.0
perampanel,5,20261204,10,7.6,128.54,11.4,0.33333333333333337
perampanel,5,20261204,12,0.0,nan,11.4,1.0
perampanel,5,20261204,14,0.0,nan,11.4,1.0
perampanel,5,20261204,16,0.0,nan,11.4,1.0
perampanel,5,20261204,18,0.0,nan,11.4,1.0
memantine,5,20261204,0,11.4,86.5,11.4,0.0
memantine,5,20261204,100,9.6,101.48947368421052,11.4,0.1578947368421053
memantine,5,20261204,125,9.2,105.95054945054945,11.4,0.19298245614035092
memantine,5,20261204,150,8.3,117.57926829268293,11.4,0.27192982456140347
memantine,5,20261204,175,6.3,155.50806451612902,11.4,0.44736842105263164
memantine,5,20261204,200,5.1,192.83,11.4,0.5526315789473685
memantine,5,20261204,250,3.5,283.5735294117647,11.4,0.6929824561403508
diazepam,5,20261204,0,11.4,86.5,11.4,0.0
diazepam,5,20261204,5,10.6,93.08571428571429,11.4,0.07017543859649134
diazepam,5,20261204,7.5,0.0,nan,11.4,1.0
diazepam,5,20261204,10,0.0,nan,11.4,1.0
diazepam,5,20261204,12.5,0.0,nan,11.4,1.0
diazepam,5,20261204,15,0.0,nan,11.4,1.0
diazepam,5,20261204,20,0.0,nan,11.4,1.0
diazepam,5,20261204,30,0.0,nan,11.4,1.0
perampanel,6,20261205,0,11.0,89.68348623853211,11.0,0.0
perampanel,6,20261205,10,8.3,119.21341463414635,11.0,0.24545454545454537
perampanel,6,20261205,12,8.3,119.21341463414635,11.0,0.24545454545454537
perampanel,6,20261205,14,7.6,130.34,11.0,0.3090909090909091
perampanel,6,20261205,16,7.4,133.91095890410958,11.0,0.32727272727272727
perampanel,6,20261205,18,0.0,nan,11.0,1.0
memantine,6,20261205,0,11.0,89.68348623853211,11.0,0.0
memantine,6,20261205,100,8.3,119.21951219512195,11.0,0.24545454545454537
memantine,6,20261205,125,7.6,130.34666666666666,11.0,0.3090909090909091
memantine,6,20261205,150,5.6,175.3181818181818,11.0,0.49090909090909096
memantine,6,20261205,175,4.8,205.1595744680851,11.0,0.5636363636363637
memantine,6,20261205,200,4.0,247.25641025641025,11.0,0.6363636363636364
memantine,6,20261205,250,3.4,292.2121212121212,11.0,0.6909090909090909
diazepam,6,20261205,0,11.0,89.68348623853211,11.0,0.0
diazepam,6,20261205,5,10.0,98.73737373737374,11.0,0.09090909090909094
diazepam,6,20261205,7.5,9.4,105.10752688172043,11.0,0.1454545454545454
diazepam,6,20261205,10,0.0,nan,11.0,1.0
diazepam,6,20261205,12.5,0.0,nan,11.0,1.0
diazepam,6,20261205,15,0.0,nan,11.0,1.0
diazepam,6,20261205,20,0.0,nan,11.0,1.0
diazepam,6,20261205,30,0.0,nan,11.0,1.0
perampanel,7,20261206,0,11.4,86.5,11.4,0.0
perampanel,7,20261206,10,8.4,117.7710843373494,11.4,0.26315789473684215
perampanel,7,20261206,12,0.0,nan,11.4,1.0
perampanel,7,20261206,14,0.0,nan,11.4,1.0
perampanel,7,20261206,16,0.0,nan,11.4,1.0
perampanel,7,20261206,18,0.0,nan,11.4,1.0
memantine,7,20261206,0,11.4,86.5,11.4,0.0
memantine,7,20261206,100,10.7,91.58962264150944,11.4,0.061403508771929904
memantine,7,20261206,125,9.5,102.56914893617021,11.4,0.16666666666666674
memantine,7,20261206,150,7.6,128.55333333333334,11.4,0.33333333333333337
memantine,7,20261206,175,6.9,142.77205882352942,11.4,0.39473684210526316
memantine,7,20261206,200,4.5,219.13636363636363,11.4,0.6052631578947368
memantine,7,20261206,250,2.8,357.1111111111111,11.4,0.7543859649122807
diazepam,7,20261206,0,11.4,86.5,11.4,0.0
diazepam,7,20261206,5,10.4,94.89805825242719,11.4,0.08771929824561409
diazepam,7,20261206,7.5,0.0,nan,11.4,1.0
diazepam,7,20261206,10,0.0,nan,11.4,1.0
diazepam,7,20261206,12.5,0.0,nan,11.4,1.0
diazepam,7,20261206,15,0.0,nan,11.4,1.0
diazepam,7,20261206,20,0.0,nan,11.4,1.0
diazepam,7,20261206,30,0.0,nan,11.4,1.0
perampanel,8,20261207,0,11.3,87.28125,11.3,0.0
perampanel,8,20261207,10,10.7,92.22169811320755,11.3,0.053097345132743445
perampanel,8,20261207,12,7.5,130.29054054054055,11.3,0.33628318584070804
perampanel,8,20261207,14,7.4,132.07534246575344,11.3,0.34513274336283184
perampanel,8,20261207,16,4.4,224.22093023255815,11.3,0.6106194690265487
perampanel,8,20261207,18,0.0,nan,11.3,1.0
memantine,8,20261207,0,11.3,87.28125,11.3,0.0
memantine,8,20261207,100,10.1,97.09,11.3,0.10619469026548678
memantine,8,20261207,125,9.1,107.87777777777778,11.3,0.19469026548672574
memantine,8,20261207,150,7.6,128.55333333333334,11.3,0.32743362831858414
memantine,8,20261207,175,5.8,169.14912280701753,11.3,0.48672566371681425
memantine,8,20261207,200,4.6,214.25555555555556,11.3,0.5929203539823009
memantine,8,20261207,250,2.7,370.84615384615387,11.3,0.7610619469026548
diazepam,8,20261207,0,11.3,87.28125,11.3,0.0
diazepam,8,20261207,5,10.6,93.1,11.3,0.06194690265486735
diazepam,8,20261207,7.5,10.3,95.83823529411765,11.3,0.08849557522123896
diazepam,8,20261207,10,0.0,nan,11.3,1.0
diazepam,8,20261207,12.5,0.0,nan,11.3,1.0
diazepam,8,20261207,15,0.0,nan,11.3,1.0
diazepam,8,20261207,20,0.0,nan,11.3,1.0
diazepam,8,20261207,30,0.0,nan,11.3,1.0
perampanel,9,20261208,0,11.1,88.86363636363636,11.1,0.0
perampanel,9,20261208,10,10.2,96.78217821782178,11.1,0.08108108108108114
perampanel,9,20261208,12,9.9,99.74489795918367,11.1,0.108108108108108
perampanel,9,20261208,14,5.9,168.54310344827587,11.1,0.46846846846846846
perampanel,9,20261208,16,5.6,177.73636363636365,11.1,0.49549549549549554
perampanel,9,20261208,18,5.5,181.02777777777777,11.1,0.5045045045045045
memantine,9,20261208,0,11.1,88.86363636363636,11.1,0.0
memantine,9,20261208,100,8.8,112.35632183908046,11.1,0.2072072072072071
memantine,9,20261208,125,7.7,128.625,11.1,0.3063063063063063
memantine,9,20261208,150,6.6,149.36923076923077,11.1,0.4054054054054054
memantine,9,20261208,175,4.7,209.59782608695653,11.1,0.5765765765765766
memantine,9,20261208,200,4.5,219.125,11.1,0.5945945945945945
memantine,9,20261208,250,3.0,332.48275862068965,11.1,0.7297297297297297
diazepam,9,20261208,0,11.1,88.86363636363636,11.1,0.0
diazepam,9,20261208,5,10.2,96.78217821782178,11.1,0.08108108108108114
diazepam,9,20261208,7.5,9.9,99.74489795918367,11.1,0.108108108108108
diazepam,9,20261208,10,9.3,106.25,11.1,0.16216216216216206
diazepam,9,20261208,12.5,0.0,nan,11.1,1.0
diazepam,9,20261208,15,0.0,nan,11.1,1.0
diazepam,9,20261208,20,0.0,nan,11.1,1.0
diazepam,9,20261208,30,0.0,nan,11.1,1.0
perampanel,10,20261209,0,11.3,87.28125,11.3,0.0
perampanel,10,20261209,10,9.3,106.2554347826087,11.3,0.17699115044247782
perampanel,10,20261209,12,9.1,108.61666666666666,11.3,0.19469026548672574
perampanel,10,20261209,14,0.0,nan,11.3,1.0
perampanel,10,20261209,16,0.0,nan,11.3,1.0
perampanel,10,20261209,18,0.0,nan,11.3,1.0
memantine,10,20261209,0,11.3,87.28125,11.3,0.0
memantine,10,20261209,100,8.9,111.08522727272727,11.3,0.21238938053097345
memantine,10,20261209,125,7.7,128.625,11.3,0.31858407079646023
memantine,10,20261209,150,7.3,135.77083333333334,11.3,0.35398230088495586
memantine,10,20261209,175,6.4,155.16666666666666,11.3,0.4336283185840708
memantine,10,20261209,200,4.7,209.6086956521739,11.3,0.584070796460177
memantine,10,20261209,250,2.7,370.84615384615387,11.3,0.7610619469026548
diazepam,10,20261209,0,11.3,87.28125,11.3,0.0
diazepam,10,20261209,5,10.4,94.90776699029126,11.3,0.07964601769911506
diazepam,10,20261209,7.5,0.0,nan,11.3,1.0
diazepam,10,20261209,10,0.0,nan,11.3,1.0
diazepam,10,20261209,12.5,0.0,nan,11.3,1.0
diazepam,10,20261209,15,0.0,nan,11.3,1.0
diazepam,10,20261209,20,0.0,nan,11.3,1.0
diazepam,10,20261209,30,0.0,nan,11.3,1.0
perampanel,11,20261210,0,11.0,89.6788990825688,11.0,0.0
perampanel,11,20261210,10,5.7,174.55357142857142,11.0,0.4818181818181818
perampanel,11,20261210,12,5.7,174.55357142857142,11.0,0.4818181818181818
perampanel,11,20261210,14,5.6,177.72727272727272,11.0,0.49090909090909096
perampanel,11,20261210,16,5.6,177.72727272727272,11.0,0.49090909090909096
perampanel,11,20261210,18,5.6,177.72727272727272,11.0,0.49090909090909096
memantine,11,20261210,0,11.0,89.6788990825688,11.0,0.0
memantine,11,20261210,100,8.4,117.7710843373494,11.0,0.23636363636363633
memantine,11,20261210,125,8.1,122.1875,11.0,0.26363636363636367
memantine,11,20261210,150,7.3,135.76388888888889,11.0,0.3363636363636364
memantine,11,20261210,175,6.5,152.734375,11.0,0.40909090909090906
memantine,11,20261210,200,4.4,224.22093023255815,11.0,0.6
memantine,11,20261210,250,3.1,321.3833333333333,11.0,0.7181818181818183
diazepam,11,20261210,0,11.0,89.6788990825688,11.0,0.0
diazepam,11,20261210,5,10.2,96.78217821782178,11.0,0.07272727272727275
diazepam,11,20261210,7.5,9.4,105.10752688172043,11.0,0.1454545454545454
diazepam,11,20261210,10,9.4,105.10752688172043,11.0,0.1454545454545454
diazepam,11,20261210,12.5,9.1,108.61111111111111,11.0,0.17272727272727273
diazepam,11,20261210,15,0.0,nan,11.0,1.0
diazepam,11,20261210,20,0.0,nan,11.0,1.0
diazepam,11,20261210,30,0.0,nan,11.0,1.0
perampanel,12,20261211,0,7.4,133.91095890410958,7.4,0.0
perampanel,12,20261211,10,5.7,174.55357142857142,7.4,0.22972972972972971
perampanel,12,20261211,12,5.2,191.66666666666666,7.4,0.29729729729729726
perampanel,12,20261211,14,5.2,191.66666666666666,7.4,0.29729729729729726
perampanel,12,20261211,16,0.0,nan,7.4,1.0
perampanel,12,20261211,18,0.0,nan,7.4,1.0
memantine,12,20261211,0,7.4,133.91095890410958,7.4,0.0
memantine,12,20261211,100,4.9,203.65625,7.4,0.33783783783783783
memantine,12,20261211,125,4.8,207.98936170212767,7.4,0.3513513513513514
memantine,12,20261211,150,4.6,217.23333333333332,7.4,0.3783783783783785
memantine,12,20261211,175,3.4,292.1666666666667,7.4,0.5405405405405406
memantine,12,20261211,200,3.1,321.3833333333333,7.4,0.5810810810810811
memantine,12,20261211,250,2.2,421.1666666666667,7.4,0.7027027027027026
diazepam,12,20261211,0,7.4,133.91095890410958,7.4,0.0
diazepam,12,20261211,5,7.2,137.67605633802816,7.4,0.027027027027027084
diazepam,12,20261211,7.5,7.1,139.64285714285714,7.4,0.04054054054054068
diazepam,12,20261211,10,0.0,nan,7.4,1.0
diazepam,12,20261211,12.5,0.0,nan,7.4,1.0
diazepam,12,20261211,15,0.0,nan,7.4,1.0
diazepam,12,20261211,20,0.0,nan,7.4,1.0
diazepam,12,20261211,30,0.0,nan,7.4,1.0
perampanel,13,20261212,0,10.8,91.35514018691589,10.8,0.0
perampanel,13,20261212,10,9.3,106.2445652173913,10.8,0.13888888888888884
perampanel,13,20261212,12,8.8,112.35057471264368,10.8,0.18518518518518512
perampanel,13,20261212,14,0.0,nan,10.8,1.0
perampanel,13,20261212,16,0.0,nan,10.8,1.0
perampanel,13,20261212,18,0.0,nan,10.8,1.0
memantine,13,20261212,0,10.8,91.35514018691589,10.8,0.0
memantine,13,20261212,100,6.2,158.0655737704918,10.8,0.42592592592592593
memantine,13,20261212,125,5.1,192.84,10.8,0.5277777777777779
memantine,13,20261212,150,4.1,241.05,10.8,0.6203703703703705
memantine,13,20261212,175,4.0,247.23076923076923,10.8,0.6296296296296297
memantine,13,20261212,200,2.6,385.68,10.8,0.7592592592592593
memantine,13,20261212,250,1.6,576.2666666666667,10.8,0.8518518518518519
diazepam,13,20261212,0,10.8,91.35514018691589,10.8,0.0
diazepam,13,20261212,5,9.8,100.77319587628865,10.8,0.09259259259259256
diazepam,13,20261212,7.5,9.6,102.88947368421053,10.8,0.11111111111111116
diazepam,13,20261212,10,0.0,nan,10.8,1.0
diazepam,13,20261212,12.5,0.0,nan,10.8,1.0
diazepam,13,20261212,15,0.0,nan,10.8,1.0
diazepam,13,20261212,20,0.0,nan,10.8,1.0
diazepam,13,20261212,30,0.0,nan,10.8,1.0
perampanel,14,20261213,0,11.1,88.86363636363636,11.1,0.0
perampanel,14,20261213,10,5.3,187.98076923076923,11.1,0.5225225225225225
perampanel,14,20261213,12,4.8,207.9787234042553,11.1,0.5675675675675675
perampanel,14,20261213,14,4.5,222.1590909090909,11.1,0.5945945945945945
perampanel,14,20261213,16,0.0,nan,11.1,1.0
perampanel,14,20261213,18,0.0,nan,11.1,1.0
memantine,14,20261213,0,11.1,88.86363636363636,11.1,0.0
memantine,14,20261213,100,8.3,119.20731707317073,11.1,0.2522522522522521
memantine,14,20261213,125,7.8,126.94805194805195,11.1,0.29729729729729726
memantine,14,20261213,150,6.5,152.734375,11.1,0.4144144144144144
memantine,14,20261213,175,5.8,171.49122807017545,11.1,0.4774774774774775
memantine,14,20261213,200,5.3,187.98076923076923,11.1,0.5225225225225225
memantine,14,20261213,250,1.7,602.625,11.1,0.8468468468468469
diazepam,14,20261213,0,11.1,88.86363636363636,11.1,0.0
diazepam,14,20261213,5,10.2,96.78217821782178,11.1,0.08108108108108114
diazepam,14,20261213,7.5,9.6,102.89473684210526,11.1,0.1351351351351351
diazepam,14,20261213,10,0.0,nan,11.1,1.0
diazepam,14,20261213,12.5,0.0,nan,11.1,1.0
diazepam,14,20261213,15,0.0,nan,11.1,1.0
diazepam,14,20261213,20,0.0,nan,11.1,1.0
diazepam,14,20261213,30,0.0,nan,11.1,1.0
perampanel,15,20261214,0,11.5,85.74561403508773,11.5,0.0
perampanel,15,20261214,10,8.9,111.07954545454545,11.5,0.22608695652173905
perampanel,15,20261214,12,8.8,112.35632183908046,11.5,0.23478260869565215
perampanel,15,20261214,14,8.7,113.66279069767442,11.5,0.24347826086956526
perampanel,15,20261214,16,8.1,122.19375,11.5,0.29565217391304355
perampanel,15,20261214,18,6.0,165.6864406779661,11.5,0.4782608695652174
memantine,15,20261214,0,11.5,85.74561403508773,11.5,0.0
memantine,15,20261214,100,9.5,103.28191489361703,11.5,0.17391304347826086
memantine,15,20261214,125,8.9,111.08522727272727,11.5,0.22608695652173905
memantine,15,20261214,150,6.2,158.0655737704918,11.5,0.4608695652173913
memantine,15,20261214,175,5.1,192.84,11.5,0.5565217391304348
memantine,15,20261214,200,4.0,247.23076923076923,11.5,0.6521739130434783
memantine,15,20261214,250,2.9,344.35714285714283,11.5,0.7478260869565218
diazepam,15,20261214,0,11.5,85.74561403508773,11.5,0.0
diazepam,15,20261214,5,10.8,91.35514018691589,11.5,0.060869565217391286
diazepam,15,20261214,7.5,10.2,96.78217821782178,11.5,0.11304347826086958
diazepam,15,20261214,10,0.0,nan,11.5,1.0
diazepam,15,20261214,12.5,0.0,nan,11.5,1.0
diazepam,15,20261214,15,0.0,nan,11.5,1.0
diazepam,15,20261214,20,0.0,nan,11.5,1.0
diazepam,15,20261214,30,0.0,nan,11.5,1.0
perampanel,16,20261215,0,10.9,90.50925925925925,10.9,0.0
perampanel,16,20261215,10,6.6,150.37692307692308,10.9,0.3944954128440368
perampanel,16,20261215,12,6.4,155.15079365079364,10.9,0.4128440366972477
perampanel,16,20261215,14,5.0,199.4795918367347,10.9,0.5412844036697249
perampanel,16,20261215,16,4.8,207.96808510638297,10.9,0.5596330275229358
perampanel,16,20261215,18,0.0,nan,10.9,1.0
memantine,16,20261215,0,10.9,90.50925925925925,10.9,0.0
memantine,16,20261215,100,7.8,126.94805194805195,10.9,0.2844036697247707
memantine,16,20261215,125,5.4,181.9056603773585,10.9,0.5045871559633027
memantine,16,20261215,150,4.1,241.0375,10.9,0.6238532110091743
memantine,16,20261215,175,3.8,260.5810810810811,10.9,0.6513761467889909
memantine,16,20261215,200,3.5,283.5735294117647,10.9,0.6788990825688074
memantine,16,20261215,250,2.4,419.2173913043478,10.9,0.7798165137614679
diazepam,16,20261215,0,10.9,90.50925925925925,10.9,0.0
diazepam,16,20261215,5,9.7,101.81770833333333,10.9,0.11009174311926617
diazepam,16,20261215,7.5,8.4,117.76506024096386,10.9,0.22935779816513757
diazepam,16,20261215,10,3.9,127.73684210526316,10.9,0.6422018348623854
diazepam,16,20261215,12.5,3.8,125.79729729729729,10.9,0.6513761467889909
diazepam,16,20261215,15,3.7,129.29166666666666,10.9,0.6605504587155964
diazepam,16,20261215,20,3.4,141.04545454545453,10.9,0.6880733944954129
diazepam,16,20261215,30,3.2,150.1451612903226,10.9,0.7064220183486238
perampanel,17,20261216,0,11.2,88.06306306306307,11.2,0.0
perampanel,17,20261216,10,10.3,95.83823529411765,11.2,0.08035714285714268
perampanel,17,20261216,12,7.3,133.90972222222223,11.2,0.3482142857142857
perampanel,17,20261216,14,8.6,115.00588235294117,11.2,0.2321428571428571
perampanel,17,20261216,16,8.2,120.68518518518519,11.2,0.2678571428571429
perampanel,17,20261216,18,7.9,125.32692307692308,11.2,0.2946428571428571
memantine,17,20261216,0,11.2,88.06306306306307,11.2,0.0
memantine,17,20261216,100,9.3,106.2554347826087,11.2,0.16964285714285698
memantine,17,20261216,125,6.9,141.78676470588235,11.2,0.3839285714285714
memantine,17,20261216,150,6.2,158.05737704918033,11.2,0.4464285714285714
memantine,17,20261216,175,5.7,172.16964285714286,11.2,0.4910714285714285
memantine,17,20261216,200,4.9,200.875,11.2,0.5625
memantine,17,20261216,250,2.8,357.1111111111111,11.2,0.75
diazepam,17,20261216,0,11.2,88.06306306306307,11.2,0.0
diazepam,17,20261216,5,10.3,95.83333333333333,11.2,0.08035714285714268
diazepam,17,20261216,7.5,9.8,100.77319587628865,11.2,0.12499999999999989
diazepam,17,20261216,10,9.6,102.89473684210526,11.2,0.1428571428571428
diazepam,17,20261216,12.5,9.5,103.98936170212765,11.2,0.1517857142857142
diazepam,17,20261216,15,0.0,nan,11.2,1.0
diazepam,17,20261216,20,0.0,nan,11.2,1.0
diazepam,17,20261216,30,0.0,nan,11.2,1.0
perampanel,18,20261217,0,10.7,92.2122641509434,10.7,0.0
perampanel,18,20261217,10,7.6,129.44,10.7,0.28971962616822433
perampanel,18,20261217,12,0.0,nan,10.7,1.0
perampanel,18,20261217,14,0.0,nan,10.7,1.0
perampanel,18,20261217,16,0.0,nan,10.7,1.0
perampanel,18,20261217,18,0.0,nan,10.7,1.0
memantine,18,20261217,0,10.7,92.2122641509434,10.7,0.0
memantine,18,20261217,100,8.2,120.67283950617283,10.7,0.23364485981308414
memantine,18,20261217,125,7.3,135.75694444444446,10.7,0.3177570093457943
memantine,18,20261217,150,6.0,165.66949152542372,10.7,0.43925233644859807
memantine,18,20261217,175,5.5,179.77777777777777,10.7,0.4859813084112149
memantine,18,20261217,200,3.2,311.0,10.7,0.7009345794392523
memantine,18,20261217,250,2.2,459.1190476190476,10.7,0.794392523364486
diazepam,18,20261217,0,10.7,92.2122641509434,10.7,0.0
diazepam,18,20261217,5,9.8,100.76804123711341,10.7,0.08411214953271018
diazepam,18,20261217,7.5,0.0,nan,10.7,1.0
diazepam,18,20261217,10,0.0,nan,10.7,1.0
diazepam,18,20261217,12.5,0.0,nan,10.7,1.0
diazepam,18,20261217,15,0.0,nan,10.7,1.0
diazepam,18,20261217,20,0.0,nan,10.7,1.0
diazepam,18,20261217,30,0.0,nan,10.7,1.0
perampanel,19,20261218,0,11.0,89.6788990825688,11.0,0.0
perampanel,19,20261218,10,5.9,168.5344827586207,11.0,0.4636363636363636
perampanel,19,20261218,12,4.9,203.64583333333334,11.0,0.5545454545454545
perampanel,19,20261218,14,4.9,203.64583333333334,11.0,0.5545454545454545
perampanel,19,20261218,16,0.0,nan,11.0,1.0
perampanel,19,20261218,18,0.0,nan,11.0,1.0
memantine,19,20261218,0,11.0,89.6788990825688,11.0,0.0
memantine,19,20261218,100,8.6,115.0,11.0,0.21818181818181825
memantine,19,20261218,125,6.9,143.75735294117646,11.0,0.3727272727272727
memantine,19,20261218,150,5.5,181.02777777777777,11.0,0.5
memantine,19,20261218,175,4.0,247.23076923076923,11.0,0.6363636363636364
memantine,19,20261218,200,3.7,267.8333333333333,11.0,0.6636363636363636
memantine,19,20261218,250,3.2,311.03225806451616,11.0,0.709090909090909
diazepam,19,20261218,0,11.0,89.6788990825688,11.0,0.0
diazepam,19,20261218,5,9.9,99.74489795918367,11.0,0.09999999999999998
diazepam,19,20261218,7.5,9.5,103.98936170212765,11.0,0.13636363636363635
diazepam,19,20261218,10,0.0,nan,11.0,1.0
diazepam,19,20261218,12.5,0.0,nan,11.0,1.0
diazepam,19,20261218,15,0.0,nan,11.0,1.0
diazepam,19,20261218,20,0.0,nan,11.0,1.0
diazepam,19,20261218,30,0.0,nan,11.0,1.0
perampanel,20,20261219,0,11.4,86.5,11.4,0.0
perampanel,20,20261219,10,10.5,93.98557692307692,11.4,0.07894736842105265
perampanel,20,20261219,12,0.0,nan,11.4,1.0
perampanel,20,20261219,14,0.0,nan,11.4,1.0
perampanel,20,20261219,16,0.0,nan,11.4,1.0
perampanel,20,20261219,18,0.0,nan,11.4,1.0
memantine,20,20261219,0,11.4,86.5,11.4,0.0
memantine,20,20261219,100,10.8,91.35981308411215,11.4,0.05263157894736836
memantine,20,20261219,125,9.5,102.56914893617021,11.4,0.16666666666666674
memantine,20,20261219,150,8.7,112.11046511627907,11.4,0.23684210526315796
memantine,20,20261219,175,6.2,158.05737704918033,11.4,0.45614035087719296
memantine,20,20261219,200,4.5,219.125,11.4,0.6052631578947368
memantine,20,20261219,250,3.7,267.81944444444446,11.4,0.6754385964912281
diazepam,20,20261219,0,11.4,86.5,11.4,0.0
diazepam,20,20261219,5,10.5,93.98076923076923,11.4,0.07894736842105265
diazepam,20,20261219,7.5,10.1,97.74,11.4,0.11403508771929827
diazepam,20,20261219,10,0.0,nan,11.4,1.0
diazepam,20,20261219,12.5,0.0,nan,11.4,1.0
diazepam,20,20261219,15,0.0,nan,11.4,1.0
diazepam,20,20261219,20,0.0,nan,11.4,1.0
diazepam,20,20261219,30,0.0,nan,11.4,1.0
