drug,scenario,concentration_nM,n,mean_suppression_fraction,sd_suppression_fraction
perampanel,baseline,11.750573625534942,20,0.46641362127270963,0.3042443630378732
perampanel,EPSPd_-10%,11.750573625534942,20,nan,nan
perampanel,EPSPd_+10%,11.750573625534942,20,0.03711424784255608,0.01814400321001774
perampanel,IPSP_mag_-10%,11.750573625534942,20,0.31434899751852535,0.14314452114508353
perampanel,IPSP_mag_+10%,11.750573625534942,20,0.6306517222971426,0.36233211083926115
perampanel,NMDA_scale_-20%,11.750573625534942,20,0.4734910294970208,0.30151982830137414
perampanel,NMDA_scale_+20%,11.750573625534942,20,0.4595380610477514,0.3066641671715241
perampanel,CaMT_-2mV,11.750573625534942,20,0.107970621050639,0.1608354944516101
perampanel,CaMT_+2mV,11.750573625534942,20,0.7924819193643061,0.23813958454309922
perampanel,Threshold_-2mV,11.750573625534942,20,0.2103607202322169,0.12081345979645879
perampanel,Threshold_+2mV,11.750573625534942,20,1.0,0.0
memantine,baseline,176.97566231234657,20,0.5320560397133589,0.06790094688736674
memantine,EPSPd_-10%,176.97566231234657,20,nan,nan
memantine,EPSPd_+10%,176.97566231234657,20,0.043657831364234526,0.016166514400513875
memantine,IPSP_mag_-10%,176.97566231234657,20,0.5286474312341214,0.0671416784584374
memantine,IPSP_mag_+10%,176.97566231234657,20,0.5325552255042519,0.06539250519260904
memantine,NMDA_scale_-20%,176.97566231234657,20,0.5417090928659591,0.09699491510566036
memantine,NMDA_scale_+20%,176.97566231234657,20,0.5226516499820067,0.06470029124060146
memantine,CaMT_-2mV,176.97566231234657,20,0.0613277426622544,0.014622066507448014
memantine,CaMT_+2mV,176.97566231234657,20,0.8716033612657604,0.04559841191746984
memantine,Threshold_-2mV,176.97566231234657,20,0.3456682967303989,0.09885713335470232
memantine,Threshold_+2mV,176.97566231234657,20,0.7190989215978454,0.14449832800578977
diazepam,baseline,8.108197558345024,20,0.5215484523868571,0.4449887624700556
diazepam,EPSPd_-10%,8.108197558345024,20,nan,nan
diazepam,EPSPd_+10%,8.108197558345024,20,0.029843267505100496,0.012935888880605593
diazepam,IPSP_mag_-10%,8.108197558345024,20,0.10371418845024587,0.02654800911640681
diazepam,IPSP_mag_+10%,8.108197558345024,20,0.8514501189501189,0.3164859727824796
diazepam,NMDA_scale_-20%,8.108197558345024,20,0.520697156319491,0.4458323062796921
diazepam,NMDA_scale_+20%,8.108197558345024,20,0.5175534777369899,0.4490635072158408
diazepam,CaMT_-2mV,8.108197558345024,20,0.16293418812292357,0.12006083378071383
diazepam,CaMT_+2mV,8.108197558345024,20,0.5740907959337865,0.4041241561495268
diazepam,Threshold_-2mV,8.108197558345024,20,0.07590346689363243,0.02905479539567834
diazepam,Threshold_+2mV,8.108197558345024,20,0.8242753623188405,0.4043955480643499
